State,CMS Certification Number (CCN),Provider Name,Address,City/Town,ZIP Code,Telephone Number,Type of Ownership,Offers Nursing Care Services,Offers Physical Therapy Services,Offers Occupational Therapy Services,Offers Speech Pathology Services,Offers Medical Social Services,Offers Home Health Aide Services,Certification Date,Quality of patient care star rating,Footnote for quality of patient care star rating,Numerator for how often the home health team began their patients' care in a timely manner,Denominator for how often the home health team began their patients' care in a timely manner,How often the home health team began their patients' care in a timely manner,Footnote for how often the home health team began their patients' care in a timely manner,Numerator for how often the home health team determined whether patients received a flu shot for the current flu season,Denominator for how often the home health team determined whether patients received a flu shot for the current flu season,How often the home health team determined whether patients received a flu shot for the current flu season,Footnote for how often the home health team determined whether patients received a flu shot for the current flu season,Numerator for how often patients got better at walking or moving around,Denominator for how often patients got better at walking or moving around,How often patients got better at walking or moving around,Footnote for how often patients got better at walking or moving around,Numerator for how often patients got better at getting in and out of bed,Denominator for how often patients got better at getting in and out of bed,How often patients got better at getting in and out of bed,Footnote for how often patients got better at getting in and out of bed,Numerator for how often patients got better at bathing,Denominator for how often patients got better at bathing,How often patients got better at bathing,Footnote for how often patients got better at bathing,Numerator for how often patients' breathing improved,Denominator for how often patients' breathing improved,How often patients' breathing improved,Footnote for how often patients' breathing improved,Numerator for how often patients got better at taking their drugs correctly by mouth,Denominator for how often patients got better at taking their drugs correctly by mouth,How often patients got better at taking their drugs correctly by mouth,Footnote for how often patients got better at taking their drugs correctly by mouth,Numerator for Changes in skin integrity post-acute care: pressure ulcer/injury,Denominator for Changes in skin integrity post-acute care: pressure ulcer/injury,Changes in skin integrity post-acute care: pressure ulcer/injury,Footnote Changes in skin integrity post-acute care: pressure ulcer/injury,Numerator for how often physician-recommended actions to address medication issues were completely timely,Denominator for how often physician-recommended actions to address medication issues were completely timely,How often physician-recommended actions to address medication issues were completely timely,Footnote for how often physician-recommended actions to address medication issues were completely timely,Numerator for Percent of Residents Experiencing One or More Falls with Major Injury,Denominator for Percent of Residents Experiencing One or More Falls with Major Injury,Percent of Residents Experiencing One or More Falls with Major Injury,Footnote for Percent of Residents Experiencing One or More Falls with Major Injury,Numerator for Discharge Function Score,Denominator for Discharge Function Score,Discharge Function Score,Footnote for Discharge Function Score,Numerator for Transfer of Health Information to the Provider,Denominator for Transfer of Health Information to the Provider,Transfer of Health Information to the Provider,Footnote for Transfer of Health Information to the Provider,Numerator for Transfer of Health Information to the Patient,Denominator for Transfer of Health Information to the Patient,Transfer of Health Information to the Patient,Footnote for Transfer of Health Information to the Patient,DTC Numerator,DTC Denominator,DTC Observed Rate,DTC Risk-Standardized Rate,DTC Risk-Standardized Rate (Lower Limit),DTC Risk-Standardized Rate (Upper Limit),DTC Performance Categorization,Footnote for DTC Risk-Standardized Rate,PPR Numerator,PPR Denominator,PPR Observed Rate,PPR Risk-Standardized Rate,PPR Risk-Standardized Rate (Lower Limit),PPR Risk-Standardized Rate (Upper Limit),PPR Performance Categorization,Footnote for PPR Risk-Standardized Rate,PPH Numerator,PPH Denominator,PPH Observed Rate,PPH Risk-Standardized Rate,PPH Risk-Standardized Rate (Lower Limit),PPH Risk-Standardized Rate (Upper Limit),PPH Performance Categorization,Footnote for PPH Risk-Standardized Rate,"How much Medicare spends on an episode of care at this agency, compared to Medicare spending across all agencies nationally","Footnote for how much Medicare spends on an episode of care at this agency, compared to Medicare spending across all agencies nationally","No. of episodes to calc how much Medicare spends per episode of care at agency, compared to spending at all agencies (national)"
VA,497008,INOVA HOME HEALTH LLC,9900 MAIN STREET - SUITE 100,FAIRFAX,22031,5714323100,PROPRIETARY,Yes,Yes,Yes,Yes,No,Yes,10/01/1976,4,-,"4,046","4,492",90.1,-,"1,712","2,774",61.7,-,"3,015","3,230",91.8,-,"3,066","3,221",93.6,-,"3,098","3,228",94.4,-,"1,890","1,943",98.8,-,"3,026","3,189",92.2,-,3,"3,341",0.2,-,"3,959","4,495",88.1,-,22,"4,464",0.5,-,"2,173","3,227",67.34,-,212,270,78.52,-,"2,546","3,071",82.90,-,"2,851","4,299",66.32,71.48,69.69,72.96,Worse Than National Rate,-,98,"3,359",2.92,3.36,2.85,3.90,Same As National Rate,-,240,"1,843",13.02,10.76,9.57,11.78,Same As National Rate,-,0.98,-,"6,276"
VA,497015,FAMILY CARE SENIOR SOLUTIONS,801 COURT STREET,PORTSMOUTH,23704,7573999700,PROPRIETARY,Yes,Yes,Yes,Yes,No,Yes,05/30/1985,-,The number of patient episodes for this measure is too small to report.,-,-,-,This measure currently does not have data or provider has been certified/recertified for less than 6 months.,-,-,-,This measure currently does not have data or provider has been certified/recertified for less than 6 months.,-,-,-,This measure currently does not have data or provider has been certified/recertified for less than 6 months.,-,-,-,This measure currently does not have data or provider has been certified/recertified for less than 6 months.,-,-,-,This measure currently does not have data or provider has been certified/recertified for less than 6 months.,-,-,-,This measure currently does not have data or provider has been certified/recertified for less than 6 months.,-,-,-,This measure currently does not have data or provider has been certified/recertified for less than 6 months.,-,-,-,This measure currently does not have data or provider has been certified/recertified for less than 6 months.,-,-,-,This measure currently does not have data or provider has been certified/recertified for less than 6 months.,-,-,-,This measure currently does not have data or provider has been certified/recertified for less than 6 months.,-,-,-,This measure currently does not have data or provider has been certified/recertified for less than 6 months.,-,-,-,This measure currently does not have data or provider has been certified/recertified for less than 6 months.,-,-,-,This measure currently does not have data or provider has been certified/recertified for less than 6 months.,-,-,-,-,-,-,-,This measure currently does not have data or provider has been certified/recertified for less than 6 months.,1,20,5.00,3.89,2.58,5.61,Same As National Rate,-,-,-,-,-,-,-,-,This measure currently does not have data or provider has been certified/recertified for less than 6 months.,-,This measure currently does not have data or provider has been certified/recertified for less than 6 months.,-
VA,497018,CARILION HOME CARE SERVICES TAZEWELL,388 BEN BOLT AVENUE,TAZEWELL,24651,2769888714,NON-PROFIT,Yes,Yes,Yes,Yes,Yes,Yes,07/10/1985,3.5,-,407,427,95.3,-,114,248,46.0,-,270,292,87.3,-,278,289,91.1,-,279,292,90.7,-,263,277,91.4,-,278,290,88.3,-,0,300,0.0,-,424,427,99.3,-,8,427,1.9,-,201,290,69.31,-,-,-,-,The number of patient episodes for this measure is too small to report.,288,288,100.00,-,161,202,79.70,85.72,79.76,90.54,Better Than National Rate,-,3,120,2.50,3.70,2.71,5.17,Same As National Rate,-,7,77,9.09,8.79,5.47,14.34,Same As National Rate,-,0.90,-,281
VA,497019,SENTARA HOME CARE SERVICES,"154 HANSEN ROAD, SUITE 101",CHARLOTTESVILLE,22911,4346542900,NON-PROFIT,Yes,Yes,Yes,Yes,Yes,Yes,07/03/1985,3,-,"1,530","1,787",85.6,-,828,"1,094",75.7,-,"1,287","1,462",83.9,-,"1,294","1,461",86.9,-,"1,340","1,461",88.4,-,"1,210","1,334",88.9,-,"1,255","1,452",81.1,-,6,"1,489",0.4,-,"1,755","1,793",97.9,-,17,"1,791",0.9,-,"1,134","1,454",77.99,-,92,105,87.62,-,"1,354","1,384",97.83,-,"1,647","1,968",83.69,87.74,85.85,89.66,Better Than National Rate,-,45,"1,256",3.58,3.86,3.08,5.06,Same As National Rate,-,55,986,5.58,5.72,4.68,7.10,Better Than National Rate,-,0.88,-,"2,547"
VA,497020,BUCHANAN GENERAL HOSPITAL HOME HEALTH AGENCY,"1535 SLATE CREEK ROAD, 5TH FLOOR",GRUNDY,24614,2769351509,NON-PROFIT,Yes,Yes,Yes,Yes,No,Yes,07/18/1985,2,-,237,237,100.0,-,76,134,56.7,-,106,157,69.4,-,60,154,56.6,-,105,156,68.3,-,61,120,55.9,-,44,94,58.4,-,0,162,0.0,-,237,237,100.0,-,0,237,0.0,-,97,158,61.39,-,-,-,-,The number of patient episodes for this measure is too small to report.,156,157,99.36,-,56,97,57.73,61.93,50.74,70.42,Worse Than National Rate,-,6,52,11.54,4.37,2.92,6.48,Same As National Rate,-,10,57,17.54,11.27,7.46,16.27,Same As National Rate,-,0.93,-,120
VA,497021,1ST CARE HOME HEALTH SOUTH BOSTON,425 MAIN ST,SOUTH BOSTON,24592,4345721312,PROPRIETARY,Yes,Yes,Yes,Yes,Yes,Yes,07/25/1985,2.5,-,"1,331","1,380",96.4,-,650,924,70.3,-,807,967,82.3,-,747,963,84.1,-,828,967,83.6,-,836,952,84.4,-,798,960,82.2,-,4,"1,009",0.2,-,"1,370","1,380",99.3,-,7,"1,375",0.5,-,608,963,63.14,-,86,87,98.85,-,915,922,99.24,-,528,728,72.53,82.06,78.38,84.73,Better Than National Rate,-,15,498,3.01,3.46,2.49,4.62,Same As National Rate,-,52,392,13.27,11.17,8.89,14.11,Same As National Rate,-,0.98,-,"1,194"
VA,497022,INTERIM HEALTHCARE OF ROANOKE,1013 EAST MAIN STREET,SALEM,24153,5407748686,PROPRIETARY,Yes,Yes,Yes,Yes,No,No,08/07/1985,2,-,512,540,94.8,-,206,298,69.1,-,304,406,75.4,-,330,398,83.5,-,298,410,72.1,-,118,192,65.9,-,286,385,74.8,-,1,421,0.2,-,529,545,97.1,-,2,540,0.4,-,269,412,65.29,-,47,60,78.33,-,241,361,66.76,-,206,269,76.58,83.45,78.27,88.76,Better Than National Rate,-,6,148,4.05,3.94,2.87,5.23,Same As National Rate,-,9,110,8.18,9.49,6.10,14.69,Same As National Rate,-,0.95,-,371
VA,497025,RIVERSIDE HOME HEALTH,4719A RICHMOND ROAD,WARSAW,22572,8044436276,PROPRIETARY,Yes,Yes,No,Yes,Yes,Yes,07/23/1985,3,-,"1,287","1,433",89.8,-,644,841,76.6,-,820,"1,029",81.7,-,858,"1,007",84.2,-,877,"1,038",84.0,-,605,741,84.2,-,808,991,80.1,-,3,"1,068",0.3,-,"1,405","1,436",97.8,-,12,"1,427",0.8,-,787,"1,043",75.46,-,73,104,70.19,-,940,964,97.51,-,688,820,83.90,87.64,85.11,89.94,Better Than National Rate,-,32,742,4.31,4.02,3.21,5.23,Same As National Rate,-,27,401,6.73,6.92,4.78,9.05,Better Than National Rate,-,0.96,-,973
VA,497026,"BON SECOURS HOME HEALTH, LLC","2603 NINE MILE ROAD, SUITE 200",RICHMOND,23223,8046275200,NON-PROFIT,Yes,Yes,Yes,Yes,Yes,Yes,07/12/1985,3.5,-,"1,922","1,947",98.7,-,623,"1,182",52.7,-,"1,142","1,278",90.2,-,"1,147","1,277",90.5,-,"1,115","1,280",89.3,-,"1,057","1,195",89.1,-,"1,107","1,259",88.6,-,9,"1,483",0.5,-,"1,855","1,947",95.3,-,22,"1,946",1.1,-,965,"1,279",75.45,-,68,74,91.89,-,"1,336","1,409",94.82,-,"1,163","1,388",83.79,90.65,88.52,92.39,Better Than National Rate,-,39,"1,105",3.53,3.72,2.99,4.75,Same As National Rate,-,53,604,8.77,7.78,6.27,9.44,Better Than National Rate,-,0.98,-,"1,771"
VA,497027,MEDICAL SERVICES OF AMERICA HOME HEALTH AND HOSPICE,1935 FRONT STREET,RICHLANDS,24641,2769639899,PROPRIETARY,Yes,Yes,Yes,Yes,Yes,Yes,08/14/1985,2.5,-,834,862,96.8,-,309,529,58.4,-,419,538,77.9,-,419,536,76.5,-,413,538,78.5,-,294,431,68.9,-,415,525,80.0,-,5,567,0.7,-,828,864,95.8,-,4,863,0.5,-,253,535,47.29,-,122,163,74.85,-,359,401,89.53,-,355,519,68.40,74.96,70.86,78.68,Same As National Rate,-,10,234,4.27,3.88,2.89,5.25,Same As National Rate,-,29,240,12.08,10.14,7.04,13.41,Same As National Rate,-,0.95,-,962
VA,497030,HOME RECOVERY HOME HEALTH LLC,816 EAST THIRD STREET,FARMVILLE,23901,4343926650,PROPRIETARY,Yes,Yes,Yes,Yes,No,No,09/24/1985,3,-,801,966,82.9,-,424,569,74.5,-,578,725,83.7,-,539,705,84.0,-,580,718,83.6,-,364,401,99.8,-,447,595,81.6,-,3,753,0.5,-,961,966,99.5,-,8,966,0.8,-,517,736,70.24,-,43,77,55.84,-,599,675,88.74,-,380,473,80.34,84.63,81.42,87.68,Better Than National Rate,-,7,282,2.48,3.46,2.50,4.58,Same As National Rate,-,18,255,7.06,7.76,5.84,11.51,Same As National Rate,-,0.86,-,554
VA,497033,THE MEDICAL TEAM INC,1896 PRESTON WHITE DRIVE,RESTON,20191,7033902300,PROPRIETARY,Yes,Yes,Yes,Yes,Yes,Yes,09/27/1985,3.5,-,483,484,99.8,-,237,324,73.1,-,301,361,80.8,-,320,361,85.5,-,312,361,83.6,-,268,308,85.8,-,286,358,76.9,-,2,371,0.4,-,480,484,99.2,-,3,483,0.6,-,253,360,70.28,-,50,54,92.59,-,315,317,99.37,-,423,541,78.19,84.88,81.90,87.68,Better Than National Rate,-,14,277,5.05,4.18,3.11,5.41,Same As National Rate,-,18,279,6.45,6.47,4.61,9.16,Better Than National Rate,-,0.95,-,725
VA,497038,CARILION HOME CARE FRANKLIN,390 SOUTH MAIN ST SUITE 105,ROCKY MOUNT,24151,5404896383,NON-PROFIT,Yes,Yes,Yes,Yes,Yes,Yes,11/21/1984,3.5,-,"2,542","2,550",99.7,-,"1,084","1,540",70.4,-,"1,654","1,845",86.7,-,"1,704","1,838",90.0,-,"1,607","1,847",86.0,-,"1,596","1,754",89.8,-,"1,590","1,835",81.5,-,5,"1,922",0.2,-,"2,534","2,550",99.4,-,17,"2,550",0.7,-,"1,445","1,852",78.02,-,145,145,100.00,-,"1,758","1,777",98.93,-,"1,011","1,178",85.82,87.94,86.39,89.45,Better Than National Rate,-,27,671,4.02,4.05,3.24,5.46,Same As National Rate,-,41,531,7.72,8.63,6.54,11.42,Same As National Rate,-,0.83,-,"1,553"
VA,497040,TWIN COUNTY REGIONAL HOME HEALTH,104 CRANBERRY RD STE 100B,GALAX,24333,2762367935,PROPRIETARY,Yes,Yes,Yes,Yes,Yes,Yes,04/16/1985,3,-,317,321,98.8,-,142,221,64.3,-,225,251,85.5,-,226,251,85.6,-,234,251,89.4,-,210,238,85.2,-,227,250,85.5,-,0,263,0.0,-,297,321,92.5,-,2,321,0.6,-,175,247,70.85,-,-,-,-,The number of patient episodes for this measure is too small to report.,250,260,96.15,-,350,486,72.02,79.07,74.53,82.65,Same As National Rate,-,7,259,2.70,3.61,2.63,4.90,Same As National Rate,-,25,212,11.79,10.05,7.63,14.30,Same As National Rate,-,0.95,-,841
VA,497044,HOME NURSING SERVICES OF SOUTHWEST VA INC,26104 LEE HIGHWAY,ABINGDON,24211,2766282666,PROPRIETARY,Yes,Yes,Yes,Yes,Yes,Yes,04/25/1985,4.5,-,814,822,99.0,-,268,473,56.7,-,464,548,90.5,-,447,498,100.0,-,516,591,94.3,-,575,602,94.4,-,295,353,94.8,-,1,617,0.6,-,799,822,97.2,-,12,822,1.5,-,527,594,88.72,-,-,-,-,The number of patient episodes for this measure is too small to report.,591,599,98.66,-,267,344,77.62,81.49,76.93,85.41,Better Than National Rate,-,17,272,6.25,4.45,3.24,5.87,Same As National Rate,-,12,160,7.50,8.42,5.50,12.62,Same As National Rate,-,0.66,-,694
VA,497055,CENTRA HOME HEALTH,1705 EAST 3RD STREET,FARMVILLE,23901,4343155000,PROPRIETARY,Yes,Yes,Yes,Yes,Yes,Yes,05/10/1985,4.5,-,796,821,97.0,-,432,506,85.4,-,567,589,94.5,-,568,590,95.0,-,576,590,93.8,-,565,579,95.8,-,553,589,90.1,-,0,607,0.0,-,818,821,99.6,-,14,821,1.7,-,465,588,79.08,-,-,-,-,The number of patient episodes for this measure is too small to report.,588,590,99.66,-,529,708,74.72,82.62,79.18,85.73,Better Than National Rate,-,29,522,5.56,4.47,3.49,6.06,Same As National Rate,-,26,341,7.62,7.18,5.34,9.50,Better Than National Rate,-,1.08,-,990
VA,497058,VALLEY HEALTH HOME HEALTH,333 WEST CORK STREET SUITE 135,WINCHESTER,22601,5405365200,NON-PROFIT,Yes,Yes,Yes,Yes,Yes,Yes,12/19/1985,3.5,-,"3,526","3,659",96.4,-,"1,550","2,174",71.3,-,"2,448","2,687",87.4,-,"2,482","2,681",87.6,-,"2,527","2,698",89.2,-,"2,296","2,509",89.9,-,"2,436","2,670",84.5,-,3,"2,769",0.1,-,"3,453","3,665",94.2,-,37,"3,641",1.0,-,"2,170","2,706",80.19,-,224,249,89.96,-,"2,299","2,507",91.70,-,"2,796","3,270",85.50,90.19,89.05,91.45,Better Than National Rate,-,191,"3,044",6.27,5.53,4.86,6.26,Worse Than National Rate,-,82,"1,469",5.58,5.32,4.33,6.24,Better Than National Rate,-,0.91,-,"3,561"
VA,497061,COMMONWEALTH HEALTHCARE AT HOME,"101 HOLBROOK ST, STE 202",DANVILLE,24541,4347992382,PROPRIETARY,Yes,Yes,Yes,No,No,Yes,01/17/1986,4.5,-,894,901,99.2,-,341,594,57.4,-,548,579,94.1,-,556,579,92.8,-,566,580,95.3,-,597,616,95.1,-,545,569,95.3,-,1,692,0.2,-,839,902,93.0,-,5,899,0.6,-,415,577,71.92,-,45,48,93.75,-,637,644,98.91,-,568,706,80.45,92.87,90.02,95.76,Better Than National Rate,-,11,384,2.86,3.34,2.46,4.55,Same As National Rate,-,35,376,9.31,7.72,6.11,10.07,Same As National Rate,-,0.97,-,"1,010"
VA,497068,BALLAD HEALTH HOMECARE - NORTON,96 15TH STREET NW SUITE 104A,NORTON,24273,2769739481,NON-PROFIT,Yes,Yes,Yes,Yes,Yes,Yes,05/08/1986,4.5,-,606,608,99.7,-,325,386,84.2,-,410,428,92.5,-,412,427,93.6,-,419,428,93.8,-,406,423,92.2,-,417,427,91.2,-,2,433,0.3,-,504,608,82.9,-,3,607,0.5,-,298,425,70.12,-,-,-,-,The number of patient episodes for this measure is too small to report.,415,422,98.34,-,160,209,76.56,82.79,77.89,87.97,Better Than National Rate,-,6,137,4.38,3.72,2.72,5.23,Same As National Rate,-,14,90,15.56,11.10,7.08,16.41,Same As National Rate,-,0.92,-,300
VA,497072,SOUTHSIDE REGIONAL HOME HEALTH,601 OLD WAGNER ROAD BLDG A,PETERSBURG,23805,8048628345,PROPRIETARY,Yes,Yes,Yes,Yes,Yes,Yes,07/10/1986,4,-,612,628,97.5,-,288,400,72.0,-,398,421,91.3,-,396,417,92.8,-,405,419,92.6,-,389,406,93.5,-,399,416,90.5,-,0,454,0.0,-,549,629,87.3,-,4,627,0.6,-,298,422,70.62,-,-,-,-,The number of patient episodes for this measure is too small to report.,398,438,90.87,-,353,468,75.43,81.47,78.04,84.92,Better Than National Rate,-,13,283,4.59,3.87,2.83,5.54,Same As National Rate,-,28,235,11.91,10.16,7.86,13.35,Same As National Rate,-,1.01,-,660
VA,497080,BEST & DEPENDABLE HOME HEALTH CARE,812 NEWTOWN ROAD,VIRGINIA BEACH,23462,7573637542,PROPRIETARY,Yes,Yes,Yes,Yes,Yes,Yes,08/18/1992,-,The number of patient episodes for this measure is too small to report.,23,30,76.7,-,16,21,76.2,-,-,-,-,The number of patient episodes for this measure is too small to report.,-,-,-,The number of patient episodes for this measure is too small to report.,-,-,-,The number of patient episodes for this measure is too small to report.,-,-,-,The number of patient episodes for this measure is too small to report.,-,-,-,The number of patient episodes for this measure is too small to report.,-,-,-,The number of patient episodes for this measure is too small to report.,30,30,100.0,-,0,30,0.0,-,-,-,-,The number of patient episodes for this measure is too small to report.,-,-,-,The number of patient episodes for this measure is too small to report.,-,-,-,The number of patient episodes for this measure is too small to report.,40,56,71.43,77.01,65.68,85.94,Same As National Rate,-,1,27,3.70,3.85,2.72,5.78,Same As National Rate,-,2,20,10.00,9.44,5.43,17.40,Same As National Rate,-,0.88,-,138
VA,497081,PERSONAL TOUCH HOMECARE OF VA,"11817 CANON BLVD, SUITE 600",NEWPORT NEWS,23606,7575958005,PROPRIETARY,Yes,Yes,Yes,Yes,Yes,Yes,08/19/1992,3.5,-,"4,124","4,131",99.8,-,"1,526","2,449",62.3,-,"2,994","3,283",86.7,-,"3,025","3,283",88.1,-,"3,047","3,292",87.4,-,"2,870","3,245",86.2,-,"2,969","3,275",83.6,-,6,"3,345",0.1,-,"4,091","4,143",98.7,-,10,"4,109",0.2,-,"2,014","3,290",61.22,-,483,517,93.42,-,"2,624","2,828",92.79,-,"1,267","1,538",82.38,88.71,86.66,90.71,Better Than National Rate,-,65,939,6.92,5.47,4.65,6.80,Worse Than National Rate,-,38,748,5.08,5.34,4.12,7.54,Better Than National Rate,-,0.92,-,"2,138"
VA,497091,AMEDISYS HOME HEALTH OF NEWPORT NEWS,"ONE ENTERPRISE PARKWAY, SUITE 120",HAMPTON,23666,7572235424,PROPRIETARY,Yes,Yes,Yes,Yes,Yes,Yes,08/13/1993,4,-,"2,379","2,393",99.4,-,"1,074","1,503",71.5,-,"1,733","1,846",90.8,-,"1,731","1,845",91.6,-,"1,769","1,849",92.9,-,"1,562","1,616",95.2,-,"1,753","1,837",90.7,-,4,"1,879",0.3,-,"2,325","2,393",97.2,-,8,"2,386",0.3,-,"1,330","1,841",72.24,-,57,72,79.17,-,"1,342","1,807",74.27,-,"1,852","2,453",75.50,80.40,78.52,82.16,Better Than National Rate,-,42,"1,181",3.56,3.50,2.85,4.38,Same As National Rate,-,124,"1,183",10.48,10.52,8.88,12.16,Same As National Rate,-,0.92,-,"3,473"
VA,497093,INTREPID USA HEALTHCARE SERVICES,165 MARKET STREET SUITE 2,ONANCOCK,23417,7577877202,PROPRIETARY,Yes,Yes,Yes,Yes,Yes,Yes,10/14/1993,4,-,224,224,100.0,-,100,143,69.9,-,156,170,90.2,-,158,169,91.4,-,160,170,93.2,-,147,156,92.8,-,158,165,91.4,-,0,176,0.0,-,220,224,98.2,-,1,223,0.4,-,117,169,69.23,-,-,-,-,The number of patient episodes for this measure is too small to report.,84,161,52.17,-,179,241,74.27,78.72,73.92,83.51,Same As National Rate,-,3,159,1.89,3.49,2.37,4.79,Same As National Rate,-,7,100,7.00,8.56,5.51,12.92,Same As National Rate,-,0.94,-,328
VA,497094,WYTHE CIRCLE HOME CARE,"705 E MAIN ST, STE C",WYTHEVILLE,24382,2762282051,PROPRIETARY,Yes,Yes,Yes,No,No,No,09/21/1993,3,-,723,747,96.8,-,257,501,51.3,-,476,533,87.0,-,470,533,83.1,-,488,534,87.4,-,459,513,87.2,-,481,532,83.6,-,0,551,0.0,-,718,747,96.1,-,5,744,0.7,-,390,529,73.72,-,10,22,45.45,-,309,529,58.41,-,372,491,75.76,82.44,78.57,85.70,Better Than National Rate,-,7,282,2.48,3.40,2.43,4.75,Same As National Rate,-,36,264,13.64,11.32,8.80,14.78,Same As National Rate,-,1.01,-,954
VA,497096,MEDI HOME HEALTH AGENCY,4419 PHEASANT RIDGE ROAD SUITE 202,ROANOKE,24014,5402781322,PROPRIETARY,Yes,Yes,Yes,Yes,Yes,Yes,10/29/1993,2.5,-,356,358,99.4,-,175,228,76.8,-,185,246,74.2,-,207,246,83.2,-,201,246,80.4,-,203,244,80.0,-,158,244,68.3,-,1,248,0.0,-,344,358,96.1,-,12,355,3.4,-,128,243,52.67,-,44,59,74.58,-,153,189,80.95,-,271,397,68.26,77.79,72.94,82.39,Same As National Rate,-,8,182,4.40,3.97,2.79,5.66,Same As National Rate,-,25,200,12.50,10.59,7.53,15.28,Same As National Rate,-,1.04,-,667
VA,497245,BON SECOURS HOME CARE,7007 HARBOUR VIEW BLVD - SUITE 114,SUFFOLK,23435,7578894663,NON-PROFIT,Yes,Yes,Yes,Yes,Yes,Yes,10/11/1979,3,-,"2,875","3,208",89.6,-,879,"1,856",47.4,-,"2,098","2,452",83.1,-,"2,142","2,445",86.2,-,"2,117","2,464",83.2,-,"1,994","2,376",81.7,-,"2,107","2,440",81.9,-,17,"2,544",0.7,-,"2,613","3,208",81.5,-,15,"3,207",0.5,-,"1,819","2,463",73.85,-,67,70,95.71,-,"2,353","2,474",95.11,-,"1,655","1,919",86.24,89.04,87.54,90.74,Better Than National Rate,-,68,"1,422",4.78,4.40,3.58,5.34,Same As National Rate,-,47,801,5.87,5.57,4.33,7.30,Better Than National Rate,-,0.84,-,"2,080"
VA,497255,"AMERICARE IN HOME NURSING, HOME RECOVERY",6225 BRANDON AVENUE SUITE 440,SPRINGFIELD,22150,7039122080,PROPRIETARY,Yes,Yes,Yes,Yes,Yes,Yes,04/09/1981,4.5,-,249,251,99.2,-,113,162,69.8,-,193,198,93.4,-,194,198,94.9,-,191,198,95.1,-,162,167,95.3,-,182,185,93.5,-,0,201,0.0,-,246,251,98.0,-,2,251,0.8,-,162,198,81.82,-,24,38,63.16,-,121,162,74.69,-,220,257,85.60,84.45,80.04,87.98,Better Than National Rate,-,4,91,4.40,4.05,2.84,5.88,Same As National Rate,-,9,148,6.08,8.70,5.19,14.38,Same As National Rate,-,0.97,-,310
VA,497256,SENTARA HOME CARE SERVICES,"871 MARTIN LUTHER KING JR WAY, STE 201",HARRISONBURG,22801,5404334429,PROPRIETARY,Yes,Yes,Yes,Yes,Yes,Yes,05/08/1981,2.5,-,"1,774","1,885",94.1,-,574,"1,088",52.8,-,"1,232","1,463",78.9,-,"1,263","1,463",81.3,-,"1,280","1,463",83.3,-,"1,329","1,453",86.5,-,"1,241","1,462",77.9,-,2,"1,506",0.1,-,"1,838","1,885",97.5,-,12,"1,875",0.6,-,"1,018","1,462",69.63,-,92,101,91.09,-,"1,364","1,405",97.08,-,"1,552","1,874",82.82,91.01,89.70,93.08,Better Than National Rate,-,82,"1,341",6.11,4.75,4.03,5.66,Worse Than National Rate,-,88,918,9.59,7.95,6.65,9.37,Better Than National Rate,-,0.96,-,"2,119"
VA,497258,CARILION HOME CARE SERVICES - ROANOKE,1615 FRANKLIN ROAD,ROANOKE,24016,5406339314,NON-PROFIT,Yes,Yes,Yes,Yes,Yes,Yes,10/23/1981,3.5,-,"4,247","4,370",97.2,-,"1,844","2,570",71.8,-,"2,868","3,287",84.0,-,"2,983","3,268",86.9,-,"2,937","3,301",87.3,-,"2,516","2,792",90.8,-,"2,850","3,244",82.0,-,11,"3,389",0.5,-,"4,342","4,371",99.3,-,34,"4,371",0.8,-,"2,588","3,311",78.16,-,186,187,99.47,-,"3,183","3,202",99.41,-,"2,157","2,500",86.28,88.85,87.64,90.10,Better Than National Rate,-,53,"1,181",4.49,4.60,3.72,5.85,Same As National Rate,-,65,"1,073",6.06,7.50,6.17,9.20,Better Than National Rate,-,0.91,-,"3,200"
VA,497259,HEAVEN SENT BY HOME TOWN HEALTH CARE,12900 JEFFERSON DAVIS HIGHWAY,CHESTER,23831,8045263600,PROPRIETARY,Yes,Yes,Yes,Yes,Yes,Yes,12/11/1981,-,The number of patient episodes for this measure is too small to report.,-,-,-,This measure currently does not have data or provider has been certified/recertified for less than 6 months.,-,-,-,This measure currently does not have data or provider has been certified/recertified for less than 6 months.,-,-,-,This measure currently does not have data or provider has been certified/recertified for less than 6 months.,-,-,-,This measure currently does not have data or provider has been certified/recertified for less than 6 months.,-,-,-,This measure currently does not have data or provider has been certified/recertified for less than 6 months.,-,-,-,This measure currently does not have data or provider has been certified/recertified for less than 6 months.,-,-,-,This measure currently does not have data or provider has been certified/recertified for less than 6 months.,-,-,-,This measure currently does not have data or provider has been certified/recertified for less than 6 months.,-,-,-,This measure currently does not have data or provider has been certified/recertified for less than 6 months.,-,-,-,This measure currently does not have data or provider has been certified/recertified for less than 6 months.,-,-,-,This measure currently does not have data or provider has been certified/recertified for less than 6 months.,-,-,-,This measure currently does not have data or provider has been certified/recertified for less than 6 months.,-,-,-,This measure currently does not have data or provider has been certified/recertified for less than 6 months.,107,128,83.59,87.72,81.96,93.72,Better Than National Rate,-,6,128,4.69,4.04,3.00,5.60,Same As National Rate,-,-,17,-,-,-,-,Not Available,The number of patient episodes for this measure is too small to report.,1.05,-,171
VA,497260,CARILION HOME CARE SERVICES,701 RANDOLPH STREET SUITE 110,RADFORD,24141,5406339330,NON-PROFIT,Yes,Yes,Yes,Yes,Yes,Yes,01/13/1982,3,-,"1,537","1,620",94.9,-,607,970,62.6,-,"1,036","1,154",85.1,-,"1,069","1,146",88.6,-,"1,067","1,154",88.5,-,999,"1,087",88.7,-,"1,033","1,145",82.9,-,1,"1,191",0.1,-,"1,617","1,620",99.8,-,13,"1,620",0.8,-,865,"1,153",75.02,-,49,49,100.00,-,"1,141","1,142",99.91,-,918,"1,130",81.24,87.64,85.36,90.01,Better Than National Rate,-,39,655,5.95,4.69,3.77,5.85,Same As National Rate,-,56,527,10.63,9.01,7.32,11.27,Same As National Rate,-,0.99,-,"1,615"
VA,497263,EDMARC HOSPICE FOR CHILDREN,516 LONDON STREET,PORTSMOUTH,23704,7579679251,PROPRIETARY,Yes,No,No,No,Yes,No,06/11/1982,-,The number of patient episodes for this measure is too small to report.,-,-,-,This measure currently does not have data or provider has been certified/recertified for less than 6 months.,-,-,-,This measure currently does not have data or provider has been certified/recertified for less than 6 months.,-,-,-,This measure currently does not have data or provider has been certified/recertified for less than 6 months.,-,-,-,This measure currently does not have data or provider has been certified/recertified for less than 6 months.,-,-,-,This measure currently does not have data or provider has been certified/recertified for less than 6 months.,-,-,-,This measure currently does not have data or provider has been certified/recertified for less than 6 months.,-,-,-,This measure currently does not have data or provider has been certified/recertified for less than 6 months.,-,-,-,This measure currently does not have data or provider has been certified/recertified for less than 6 months.,-,-,-,This measure currently does not have data or provider has been certified/recertified for less than 6 months.,-,-,-,This measure currently does not have data or provider has been certified/recertified for less than 6 months.,-,-,-,This measure currently does not have data or provider has been certified/recertified for less than 6 months.,-,-,-,This measure currently does not have data or provider has been certified/recertified for less than 6 months.,-,-,-,This measure currently does not have data or provider has been certified/recertified for less than 6 months.,-,-,-,-,-,-,-,This measure currently does not have data or provider has been certified/recertified for less than 6 months.,-,-,-,-,-,-,-,This measure currently does not have data or provider has been certified/recertified for less than 6 months.,-,-,-,-,-,-,-,This measure currently does not have data or provider has been certified/recertified for less than 6 months.,-,This measure currently does not have data or provider has been certified/recertified for less than 6 months.,-
VA,497264,INTERIM HEALTHCARE,516 S INDEPENDENCE BLVD  SUITE 106,VIRGINIA BEACH,23452,7574661401,PROPRIETARY,Yes,Yes,Yes,Yes,Yes,Yes,05/05/1982,4,-,"1,206","1,206",100.0,-,582,717,81.2,-,983,"1,048",89.4,-,"1,000","1,049",92.2,-,984,"1,050",88.2,-,462,511,90.8,-,974,"1,048",86.2,-,3,"1,070",0.4,-,"1,202","1,206",99.7,-,3,"1,204",0.2,-,886,"1,048",84.54,-,73,75,97.33,-,966,995,97.09,-,967,"1,140",84.82,83.28,81.17,85.07,Better Than National Rate,-,7,249,2.81,3.75,2.66,4.82,Same As National Rate,-,28,643,4.35,6.89,5.09,9.21,Better Than National Rate,-,0.84,-,"1,340"
VA,497268,SENTARA HOMECARE SERVICES,535 INDEPENDENCE PARKWAY SUITE 200,CHESAPEAKE,23320,7575533000,NON-PROFIT,Yes,Yes,Yes,Yes,Yes,Yes,07/01/1982,2.5,-,"1,840","3,206",57.4,-,"1,141","1,992",57.3,-,"1,924","2,279",80.8,-,"1,912","2,272",81.8,-,"1,970","2,280",84.4,-,"1,660","1,955",85.0,-,"1,910","2,261",78.6,-,7,"2,337",0.4,-,"3,096","3,222",96.1,-,29,"3,213",0.9,-,"1,649","2,280",72.32,-,218,234,93.16,-,"2,039","2,103",96.96,-,"1,941","2,445",79.39,87.65,85.84,89.35,Better Than National Rate,-,140,"1,958",7.15,5.57,4.86,6.53,Worse Than National Rate,-,80,"1,176",6.80,5.86,4.79,7.24,Better Than National Rate,-,0.89,-,"2,937"
VA,497271,CENTERWELL HOME HEALTH (VA BEACH),"5544 GREENWICH ROAD, SUITE 300",VIRGINIA BEACH,23462,7574992303,PROPRIETARY,Yes,Yes,Yes,Yes,Yes,Yes,10/21/1982,4,-,"1,983","1,985",99.9,-,"1,035","1,247",83.0,-,"1,341","1,474",90.3,-,"1,346","1,473",92.4,-,"1,353","1,475",89.9,-,"1,132","1,256",91.7,-,"1,272","1,469",85.2,-,5,"1,520",0.1,-,"1,804","1,985",90.9,-,8,"1,983",0.4,-,"1,024","1,472",69.57,-,290,307,94.46,-,"1,159","1,213",95.55,-,931,"1,180",78.90,86.26,83.77,88.63,Better Than National Rate,-,15,542,2.77,3.35,2.52,4.51,Same As National Rate,-,44,533,8.26,7.46,6.09,9.12,Better Than National Rate,-,0.86,-,"1,766"
VA,497272,MARY WASHINGTON HOME HEALTH AGENCY,2300 FALL HILL AVENUE - SUITE 401,FREDERICKSBURG,22401,5407411667,NON-PROFIT,Yes,Yes,Yes,Yes,Yes,Yes,11/01/1982,3.5,-,"1,520","1,547",98.3,-,555,882,62.9,-,993,"1,112",88.6,-,988,"1,084",89.9,-,975,"1,104",88.9,-,704,822,89.3,-,899,"1,075",81.4,-,3,"1,163",0.3,-,"1,460","1,547",94.4,-,20,"1,534",1.3,-,933,"1,132",82.42,-,58,70,82.86,-,"1,049","1,093",95.97,-,914,"1,091",83.78,85.51,83.91,87.47,Better Than National Rate,-,64,696,9.20,6.72,5.70,8.14,Worse Than National Rate,-,33,510,6.47,7.84,5.77,10.23,Same As National Rate,-,0.97,-,"1,421"
VA,497275,AMEDISYS HOME HEALTH CARE,"5221 VALLEY PARK DRIVE, SUITE 1A",ROANOKE,24019,5402655980,PROPRIETARY,Yes,Yes,Yes,Yes,Yes,Yes,06/01/1983,4,-,"3,645","3,661",99.6,-,"1,394","2,351",59.3,-,"2,518","2,663",90.6,-,"2,536","2,657",93.0,-,"2,544","2,665",91.2,-,"2,358","2,454",93.6,-,"2,506","2,631",89.9,-,4,"2,740",0.2,-,"3,367","3,661",92.0,-,34,"3,598",0.9,-,"2,017","2,648",76.17,-,93,117,79.49,-,"2,006","2,623",76.48,-,"2,677","3,501",76.46,83.92,82.24,85.38,Better Than National Rate,-,66,"2,277",2.90,3.23,2.71,3.99,Same As National Rate,-,190,"1,705",11.14,10.08,8.84,11.57,Same As National Rate,-,0.95,-,"5,536"
VA,497278,CENTRA HOME HEALTH,2010 ATHERHOLT ROAD,LYNCHBURG,24501,4342004111,NON-PROFIT,Yes,Yes,Yes,Yes,Yes,Yes,09/29/1983,4,-,"2,570","2,609",98.5,-,"1,318","1,670",78.9,-,"1,910","2,068",88.8,-,"1,956","2,068",91.4,-,"1,971","2,068",90.9,-,"1,878","1,972",94.7,-,"1,907","2,057",88.3,-,8,"2,125",0.3,-,"2,606","2,610",99.8,-,18,"2,607",0.7,-,"1,640","2,062",79.53,-,52,52,100.00,-,"2,071","2,073",99.90,-,"1,742","2,183",79.80,88.49,87.16,90.00,Better Than National Rate,-,105,"2,034",5.16,4.82,4.03,5.80,Worse Than National Rate,-,69,"1,017",6.78,6.30,5.04,8.24,Better Than National Rate,-,0.99,-,"2,926"
VA,497279,COMFORT CARE HOME HEALTH AND HOSPICE,1301 EXECUTIVE BLVD. SUITE 200,CHESAPEAKE,23320,7573126460,PROPRIETARY,Yes,Yes,Yes,Yes,Yes,Yes,12/16/1983,2,-,677,"1,094",61.9,-,396,632,62.7,-,557,764,71.2,-,611,756,81.5,-,582,766,74.1,-,524,675,75.5,-,525,744,67.1,-,4,803,0.4,-,"1,010","1,118",90.3,-,7,948,0.7,-,471,776,60.70,-,26,39,66.67,-,659,764,86.26,-,721,997,72.32,80.43,77.37,82.96,Better Than National Rate,-,46,959,4.80,4.35,3.46,5.23,Same As National Rate,-,36,450,8.00,6.67,4.82,8.58,Better Than National Rate,-,0.82,-,"1,104"
VA,497285,"AUGUSTA HOME CARE,",64 SPORTS MEDICINE DRIVE,FISHERSVILLE,22939,5409325162,NON-PROFIT,Yes,Yes,Yes,Yes,Yes,Yes,03/13/1984,3,-,"1,456","1,495",97.4,-,700,905,77.3,-,974,"1,111",84.1,-,990,"1,107",86.2,-,971,"1,115",85.2,-,735,898,82.1,-,953,"1,095",82.3,-,2,"1,154",0.3,-,"1,465","1,495",98.0,-,24,"1,479",1.6,-,897,"1,112",80.67,-,67,70,95.71,-,"1,071","1,084",98.80,-,938,"1,195",78.49,84.66,82.34,87.15,Better Than National Rate,-,34,860,3.95,4.18,3.28,5.46,Same As National Rate,-,62,579,10.71,10.14,8.40,12.36,Same As National Rate,-,0.98,-,"1,550"
VA,497287,SENTARA HOME CARE SERVICES (HALIFAX),2200 WILBORN AVENUE,SOUTH BOSTON,24592,4345173339,NON-PROFIT,Yes,Yes,Yes,Yes,No,Yes,05/02/1984,2.5,-,446,488,91.4,-,173,296,58.4,-,328,379,83.4,-,339,379,87.5,-,330,379,84.5,-,249,308,80.6,-,310,372,78.4,-,1,382,0.2,-,484,488,99.2,-,4,483,0.8,-,277,378,73.28,-,36,37,97.30,-,343,345,99.42,-,231,282,81.91,91.29,87.74,95.25,Better Than National Rate,-,6,183,3.28,3.52,2.63,4.82,Same As National Rate,-,16,136,11.76,9.69,6.70,13.24,Same As National Rate,-,0.99,-,363
VA,497288,ADORATION HOME HEALTH,"165 PLAZA ROAD, SUITE 20",WISE,24293,2766796269,NON-PROFIT,Yes,Yes,Yes,Yes,Yes,Yes,04/12/1984,4,-,"1,004","1,021",98.3,-,457,682,67.0,-,605,628,95.2,-,601,628,94.0,-,602,628,96.3,-,589,625,90.8,-,598,626,91.8,-,1,665,0.0,-,"1,007","1,021",98.6,-,11,"1,020",1.1,-,423,625,67.68,-,73,78,93.59,-,566,587,96.42,-,342,483,70.81,76.88,71.22,80.63,Same As National Rate,-,10,363,2.75,3.38,2.43,4.46,Same As National Rate,-,29,224,12.95,10.63,7.59,13.78,Same As National Rate,-,1.00,-,884
VA,497289,SOUTHERN VIRGINIA REGIONAL HOME HEALTH,6 DOCTORS DRIVE,EMPORIA,23847,4343483459,PROPRIETARY,Yes,Yes,Yes,Yes,No,Yes,06/22/1984,4,-,968,970,99.8,-,474,688,68.9,-,578,606,92.5,-,576,606,92.7,-,592,606,93.9,-,614,655,90.0,-,574,602,92.1,-,1,712,0.1,-,830,970,85.6,-,6,962,0.6,-,375,583,64.32,-,52,102,50.98,-,507,610,83.11,-,392,526,74.52,81.73,77.65,85.99,Better Than National Rate,-,8,337,2.37,3.32,2.50,4.52,Same As National Rate,-,33,274,12.04,10.07,7.50,13.36,Same As National Rate,-,0.97,-,"1,057"
VA,497294,SENTARA HOME CARE SERVICES,11844 ROCK LANDING  DRIVE SUITE A,NEWPORT NEWS,23606,7577360700,NON-PROFIT,Yes,Yes,Yes,Yes,Yes,Yes,05/01/1984,2.5,-,986,"1,512",65.2,-,673,947,71.1,-,925,"1,151",76.4,-,"1,045","1,152",87.4,-,976,"1,152",82.3,-,881,973,90.4,-,929,"1,150",75.3,-,3,"1,180",0.1,-,"1,418","1,514",93.7,-,11,"1,502",0.7,-,827,"1,152",71.79,-,301,443,67.95,-,602,737,81.68,-,933,"1,167",79.95,88.95,86.69,91.16,Better Than National Rate,-,53,913,5.81,4.55,3.65,5.83,Same As National Rate,-,56,577,9.71,7.76,6.12,9.66,Better Than National Rate,-,0.98,-,"1,515"
VA,497299,FAUQUIER HEALTH HOME CARE SERVICES,"5 ROCK POINTE LANE, SUITE 200",WARRENTON,20186,5403162700,PROPRIETARY,Yes,Yes,Yes,Yes,Yes,Yes,09/19/1984,3.5,-,459,480,95.6,-,178,303,58.7,-,337,355,91.9,-,329,354,89.0,-,333,355,91.0,-,320,351,88.3,-,327,348,90.1,-,0,396,0.0,-,409,480,85.2,-,7,477,1.5,-,230,354,64.97,-,18,26,69.23,-,342,370,92.43,-,435,583,74.61,77.22,74.42,80.63,Same As National Rate,-,14,354,3.95,4.04,2.90,5.72,Same As National Rate,-,35,308,11.36,10.99,8.28,14.65,Same As National Rate,-,0.94,-,719
VA,497320,"FIRST CHOICE HOME HEALTH SERVICES, LLC",1819 VIRGINIA AVENUE,HARRISONBURG,22802,5404343916,PROPRIETARY,Yes,Yes,Yes,Yes,Yes,Yes,04/05/1988,2.5,-,404,415,97.3,-,206,265,77.7,-,231,319,73.5,-,230,306,79.7,-,231,317,72.4,-,214,294,72.7,-,196,303,66.3,-,0,337,0.0,-,402,416,96.6,-,5,406,1.2,-,191,319,59.87,-,54,57,94.74,-,278,280,99.29,-,518,661,78.37,87.19,84.67,90.43,Better Than National Rate,-,19,541,3.51,3.72,2.86,4.92,Same As National Rate,-,20,314,6.37,6.94,4.74,9.17,Better Than National Rate,-,0.97,-,859
VA,497407,INTREPID USA HEALTHCARE SERVICES,101 W MAIN STREET,RADFORD,24141,5407313295,PROPRIETARY,Yes,Yes,Yes,No,Yes,Yes,02/06/1987,4,-,474,474,100.0,-,217,303,71.6,-,305,318,91.4,-,310,318,92.5,-,308,318,94.8,-,275,283,93.5,-,306,314,90.7,-,2,333,0.6,-,472,474,99.6,-,4,474,0.8,-,253,318,79.56,-,27,29,93.10,-,297,302,98.34,-,235,337,69.73,77.21,72.50,80.83,Same As National Rate,-,3,144,2.08,3.49,2.55,4.94,Same As National Rate,-,35,177,19.77,18.00,12.97,23.65,Worse Than National Rate,-,1.09,-,577
VA,497414,HOME NURSING COMPANY INC,1770 EAST MAIN STREET - P O BOX 669,LEBANON,24266,2768894318,PROPRIETARY,Yes,Yes,Yes,Yes,Yes,Yes,11/10/1987,1.5,-,855,"1,005",85.1,-,429,704,60.9,-,325,646,63.4,-,283,612,69.0,-,371,654,64.6,-,240,548,54.1,-,230,453,63.7,-,3,676,0.6,-,957,"1,008",94.9,-,17,"1,002",1.7,-,351,613,57.26,-,66,84,78.57,-,504,592,85.14,-,240,442,54.30,56.30,51.58,60.51,Worse Than National Rate,-,11,208,5.29,4.12,2.92,5.48,Same As National Rate,-,23,176,13.07,12.25,8.41,16.51,Same As National Rate,-,0.94,-,"1,047"
VA,497415,"BROOKSIDE HOME HEALTH, AN AMEDISYS COMPANY","5360 DISCOVERY PARK BLVD, SUITE - 200",WILLIAMSBURG,23188,7572532536,PROPRIETARY,Yes,Yes,Yes,Yes,Yes,Yes,01/13/1988,4,-,"1,515","1,524",99.4,-,811,978,82.9,-,"1,068","1,148",90.2,-,"1,074","1,149",91.4,-,"1,079","1,150",91.2,-,698,741,93.9,-,"1,040","1,122",88.2,-,2,"1,185",0.2,-,"1,415","1,525",92.8,-,11,"1,483",0.7,-,864,"1,147",75.33,-,32,65,49.23,-,778,"1,120",69.46,-,"1,415","1,849",76.53,81.35,79.33,83.37,Better Than National Rate,-,32,"1,126",2.84,3.30,2.58,4.05,Same As National Rate,-,84,878,9.57,8.99,7.53,11.07,Same As National Rate,-,0.94,-,"2,531"
VA,497417,1ST CARE HOME HEALTH LYNCHBURG,2808 OLD FOREST ROAD,LYNCHBURG,24501,4343842800,PROPRIETARY,Yes,Yes,Yes,Yes,Yes,Yes,04/01/1988,3,-,574,607,94.6,-,231,395,58.5,-,334,389,86.1,-,264,389,81.4,-,326,389,85.6,-,223,266,88.9,-,357,389,92.8,-,2,395,0.6,-,499,607,82.2,-,6,523,1.1,-,235,386,60.88,-,36,36,100.00,-,357,359,99.44,-,282,404,69.80,82.35,77.38,86.35,Better Than National Rate,-,12,275,4.36,3.93,2.92,5.25,Same As National Rate,-,23,184,12.50,10.47,7.38,14.44,Same As National Rate,-,1.07,-,755
VA,497421,CONTINUING CARE HOME HEALTH SERVICES,579 EAST MARKET STREET,HARRISONBURG,22801,5404337146,PROPRIETARY,Yes,Yes,Yes,Yes,No,Yes,06/21/1988,1.5,-,31,36,86.1,-,13,30,43.3,-,19,34,67.4,-,17,32,69.2,-,23,34,73.9,-,10,25,51.4,-,9,20,56.1,-,1,34,2.9,-,32,36,88.9,-,0,36,0.0,-,21,34,61.76,-,-,-,-,The number of patient episodes for this measure is too small to report.,22,22,100.00,-,-,14,-,-,-,-,Not Available,The number of patient episodes for this measure is too small to report.,-,8,-,-,-,-,Not Available,The number of patient episodes for this measure is too small to report.,-,5,-,-,-,-,Not Available,The number of patient episodes for this measure is too small to report.,0.68,-,22
VA,497424,CENTERWELL HOME HEALTH,7113 THREE CHOPT ROAD - SUITE 301,RICHMOND,23226,8046727500,PROPRIETARY,Yes,Yes,Yes,Yes,Yes,Yes,01/03/1989,4.5,-,"2,067","2,068",100.0,-,989,"1,370",72.2,-,"1,371","1,453",93.7,-,"1,396","1,453",93.7,-,"1,419","1,456",94.2,-,"1,287","1,326",96.4,-,"1,391","1,439",94.2,-,0,"1,497",0.0,-,"2,058","2,068",99.5,-,14,"2,060",0.7,-,"1,041","1,453",71.64,-,98,115,85.22,-,"1,293","1,382",93.56,-,283,389,72.75,77.97,73.81,82.07,Same As National Rate,-,3,109,2.75,3.70,2.52,5.30,Same As National Rate,-,24,177,13.56,11.05,7.56,14.90,Same As National Rate,-,0.95,-,758
VA,497429,CENTERWELL HOME HEALTH,5238 VALLEYPOINTE PARKWAY SUITE 1B,ROANOKE,24019,5403627578,PROPRIETARY,Yes,Yes,Yes,Yes,Yes,Yes,05/04/1989,4.5,-,"2,493","2,493",100.0,-,"1,127","1,642",68.6,-,"1,643","1,718",92.7,-,"1,658","1,714",93.7,-,"1,660","1,719",92.8,-,"1,581","1,651",93.6,-,"1,619","1,697",91.9,-,2,"1,803",0.1,-,"2,465","2,493",98.9,-,26,"2,490",1.0,-,"1,187","1,701",69.78,-,200,248,80.65,-,"1,368","1,555",87.97,-,"1,593","2,305",69.11,76.81,74.99,78.92,Same As National Rate,-,47,"1,172",4.01,4.00,3.12,5.04,Same As National Rate,-,114,"1,121",10.17,8.78,7.47,10.14,Same As National Rate,-,1.03,-,"4,206"
VA,497441,HOMEAID INC,"816 EAST 3RD STREET, SUITE B",FARMVILLE,23901,4343924614,PROPRIETARY,Yes,Yes,Yes,No,No,No,11/01/1990,-,The number of patient episodes for this measure is too small to report.,-,-,-,The number of patient episodes for this measure is too small to report.,-,-,-,The number of patient episodes for this measure is too small to report.,-,-,-,The number of patient episodes for this measure is too small to report.,-,-,-,The number of patient episodes for this measure is too small to report.,-,-,-,The number of patient episodes for this measure is too small to report.,-,-,-,The number of patient episodes for this measure is too small to report.,-,-,-,The number of patient episodes for this measure is too small to report.,-,-,-,The number of patient episodes for this measure is too small to report.,-,-,-,The number of patient episodes for this measure is too small to report.,-,-,-,The number of patient episodes for this measure is too small to report.,-,-,-,The number of patient episodes for this measure is too small to report.,-,-,-,The number of patient episodes for this measure is too small to report.,-,-,-,The number of patient episodes for this measure is too small to report.,-,10,-,-,-,-,Not Available,The number of patient episodes for this measure is too small to report.,-,14,-,-,-,-,Not Available,The number of patient episodes for this measure is too small to report.,-,5,-,-,-,-,Not Available,The number of patient episodes for this measure is too small to report.,-,The number of patient episodes for this measure is too small to report.,15
VA,497447,INTERIM HEALTHCARE - CHARLOTTESVILLE,103 SOUTH PANTOPS DRIVE STE 205,CHARLOTTESVILLE,22911,4342955501,PROPRIETARY,Yes,Yes,Yes,Yes,Yes,Yes,02/15/1991,3,-,906,906,100.0,-,432,552,78.3,-,514,652,78.6,-,568,651,88.1,-,514,652,78.6,-,392,513,78.4,-,456,647,72.0,-,3,690,0.4,-,892,906,98.5,-,18,900,2.0,-,372,648,57.41,-,178,192,92.71,-,462,498,92.77,-,598,833,71.79,79.91,75.82,83.04,Same As National Rate,-,12,358,3.35,3.80,2.71,5.17,Same As National Rate,-,50,434,11.52,10.60,8.36,13.05,Same As National Rate,-,1.03,-,"1,317"
VA,497455,WELCOME HOMECARE,7323 BOULDERS VIEW LANE,RICHMOND,23225,8047450054,PROPRIETARY,Yes,Yes,Yes,Yes,Yes,Yes,10/20/1992,3,-,"1,534","1,633",93.9,-,768,"1,017",75.5,-,"1,017","1,184",84.9,-,"1,063","1,184",87.9,-,"1,047","1,184",88.8,-,817,873,95.5,-,951,"1,160",81.7,-,2,"1,211",0.2,-,"1,609","1,634",98.5,-,13,"1,633",0.8,-,805,"1,183",68.05,-,119,165,72.12,-,789,"1,046",75.43,-,555,764,72.64,79.79,76.44,82.75,Better Than National Rate,-,14,346,4.05,3.94,2.88,5.33,Same As National Rate,-,57,432,13.19,12.35,9.81,15.28,Same As National Rate,-,1.06,-,"1,345"
VA,497456,CENTERWELL HOME HEALTH,230 CHARWOOD DRIVE SUITE B,ABINGDON,24210,2766230665,PROPRIETARY,Yes,Yes,Yes,Yes,Yes,Yes,10/15/1992,4.5,-,357,357,100.0,-,181,227,79.7,-,205,210,94.4,-,205,210,94.2,-,206,210,97.6,-,207,210,93.1,-,206,210,91.0,-,1,218,0.0,-,354,357,99.2,-,2,357,0.6,-,167,208,80.29,-,-,-,-,The number of patient episodes for this measure is too small to report.,202,204,99.02,-,284,421,67.46,73.60,69.08,79.43,Same As National Rate,-,9,199,4.52,3.82,2.64,5.20,Same As National Rate,-,20,159,12.58,10.52,7.31,14.31,Same As National Rate,-,0.98,-,747
VA,497462,HALLMARK HOME HEALTH CARE,121 MALL DRIVE,DANVILLE,24540,4347993938,PROPRIETARY,Yes,Yes,Yes,Yes,No,Yes,03/11/1993,2.5,-,414,421,98.3,-,174,260,66.9,-,255,325,82.1,-,230,322,87.1,-,265,329,80.2,-,209,307,73.8,-,94,222,52.8,-,3,333,0.9,-,419,421,99.5,-,3,421,0.7,-,260,327,79.51,-,37,64,57.81,-,265,269,98.51,-,139,167,83.23,89.07,83.46,93.65,Better Than National Rate,-,6,106,5.66,4.05,2.98,5.61,Same As National Rate,-,3,99,3.03,6.05,3.75,10.14,Same As National Rate,-,0.91,-,228
VA,497463,SOUTHAMPTON MEMORIAL  HOME HEALTH,100 FAIRVIEW DRIVE,FRANKLIN,23851,7575696360,PROPRIETARY,Yes,Yes,Yes,Yes,No,Yes,12/11/1992,4,-,514,520,98.8,-,239,329,72.6,-,338,360,91.1,-,337,360,90.2,-,340,360,90.9,-,379,398,90.8,-,331,356,89.4,-,1,418,0.1,-,514,520,98.8,-,6,520,1.2,-,241,359,67.13,-,-,-,-,The number of patient episodes for this measure is too small to report.,394,403,97.77,-,361,451,80.04,90.38,86.91,94.26,Better Than National Rate,-,14,309,4.53,3.84,2.91,4.95,Same As National Rate,-,20,213,9.39,8.09,5.79,11.27,Same As National Rate,-,0.97,-,631
VA,497467,RIVERSIDE HOME HEALTH,856 J CLYDE MORRIS BLVD  SUITE C,NEWPORT NEWS,23601,7575944600,NON-PROFIT,Yes,Yes,Yes,Yes,Yes,Yes,05/12/1993,3.5,-,"5,257","5,369",97.9,-,"2,087","3,206",65.1,-,"3,677","4,218",85.1,-,"3,774","4,215",87.2,-,"3,767","4,234",86.7,-,"2,742","3,235",85.9,-,"3,595","4,163",82.8,-,18,"4,335",0.5,-,"5,115","5,371",95.2,-,35,"5,352",0.7,-,"3,317","4,231",78.40,-,325,348,93.39,-,"3,851","3,987",96.59,-,"3,610","4,219",85.57,89.70,88.69,91.13,Better Than National Rate,-,126,"3,647",3.45,3.85,3.32,4.71,Same As National Rate,-,110,"1,872",5.88,6.10,5.20,7.18,Better Than National Rate,-,0.90,-,"4,879"
VA,497475,LIBERTY HOME CARE V LLC,797 WOODLAND DRIVE - SUITE 103,STUART,24171,2766944424,PROPRIETARY,Yes,Yes,Yes,Yes,Yes,Yes,06/16/1994,3,-,279,292,95.5,-,140,174,80.5,-,167,201,89.5,-,188,201,91.3,-,181,201,90.6,-,182,191,93.4,-,156,190,81.3,-,0,206,0.0,-,287,292,98.3,-,5,292,1.7,-,151,199,75.88,-,35,36,97.22,-,161,170,94.71,-,258,408,63.24,68.27,63.66,72.19,Worse Than National Rate,-,4,217,1.84,3.43,2.34,4.78,Same As National Rate,-,25,195,12.82,11.25,8.33,15.41,Same As National Rate,-,0.98,-,723
VA,497478,"CARING NURSES ADVOCATES FOR PATIENTS, LTD",10875 MAIN STREET SUITE 201,FAIRFAX,22030,5714320230,PROPRIETARY,Yes,Yes,Yes,Yes,Yes,Yes,06/23/1994,-,The number of patient episodes for this measure is too small to report.,-,-,-,The number of patient episodes for this measure is too small to report.,-,-,-,The number of patient episodes for this measure is too small to report.,-,-,-,The number of patient episodes for this measure is too small to report.,-,-,-,The number of patient episodes for this measure is too small to report.,-,-,-,The number of patient episodes for this measure is too small to report.,-,-,-,The number of patient episodes for this measure is too small to report.,-,-,-,The number of patient episodes for this measure is too small to report.,-,-,-,The number of patient episodes for this measure is too small to report.,-,-,-,The number of patient episodes for this measure is too small to report.,-,-,-,The number of patient episodes for this measure is too small to report.,-,-,-,The number of patient episodes for this measure is too small to report.,-,-,-,This measure currently does not have data or provider has been certified/recertified for less than 6 months.,-,-,-,The number of patient episodes for this measure is too small to report.,-,5,-,-,-,-,Not Available,The number of patient episodes for this measure is too small to report.,-,3,-,-,-,-,Not Available,The number of patient episodes for this measure is too small to report.,-,3,-,-,-,-,Not Available,The number of patient episodes for this measure is too small to report.,-,The number of patient episodes for this measure is too small to report.,12
VA,497485,ENHABIT HOME HEALTH (RESTON),12355 SUNRISE VALLEY DRIVE SUITE 230,RESTON,20191,8047039927,PROPRIETARY,Yes,Yes,Yes,Yes,Yes,Yes,12/29/1994,3.5,-,712,718,99.2,-,342,447,76.5,-,473,534,88.4,-,484,531,90.3,-,473,534,92.1,-,286,343,89.3,-,442,517,86.7,-,0,574,0.0,-,708,718,98.6,-,11,712,1.5,-,404,535,75.51,-,14,34,41.18,-,462,540,85.56,-,848,998,84.97,84.29,82.70,86.08,Better Than National Rate,-,34,993,3.42,4.22,3.29,5.47,Same As National Rate,-,36,385,9.35,11.06,8.26,14.89,Same As National Rate,-,0.96,-,"1,295"
VA,497490,CONTINUUM HOME HEALTH CARE,2205 FONTAINE AVENUE SUITE 104,CHARLOTTESVILLE,22903,4349842273,GOVERNMENT OPERATED,Yes,Yes,Yes,Yes,Yes,Yes,01/31/1995,3.5,-,"3,254","3,383",96.2,-,"1,454","2,077",70.0,-,"2,060","2,411",87.6,-,"2,107","2,351",90.4,-,"2,219","2,499",88.6,-,"1,642","1,871",91.5,-,"2,021","2,370",85.0,-,4,"2,615",0.3,-,"3,358","3,384",99.2,-,30,"3,378",0.9,-,"2,065","2,543",81.20,-,116,122,95.08,-,"2,475","2,493",99.28,-,"1,685","2,049",82.24,83.91,82.12,85.62,Better Than National Rate,-,50,"1,504",3.32,3.82,3.08,4.72,Same As National Rate,-,62,873,7.10,8.13,6.27,10.30,Same As National Rate,-,0.88,-,"2,325"
VA,497492,BALLAD HEALTH HOMECARE - ABINGDON,611 CAMPUS DRIVE SUITE 300,ABINGDON,24210,2765251227,NON-PROFIT,Yes,Yes,Yes,Yes,Yes,Yes,02/07/1995,4,-,652,652,100.0,-,204,420,48.6,-,427,463,90.2,-,427,462,90.3,-,438,463,93.4,-,416,456,91.4,-,438,461,88.9,-,3,472,0.4,-,565,652,86.7,-,2,646,0.3,-,339,464,73.06,-,-,-,-,The number of patient episodes for this measure is too small to report.,432,456,94.74,-,78,103,75.73,81.97,72.76,89.43,Same As National Rate,-,5,81,6.17,4.19,3.01,6.07,Same As National Rate,-,8,63,12.70,11.29,7.08,19.41,Same As National Rate,-,1.05,-,123
VA,497493,AT HOME CARE,8149 WALNUT GROVE ROAD,MECHANICSVLLE,23111,8043593400,PROPRIETARY,Yes,Yes,Yes,Yes,Yes,Yes,01/20/1995,3.5,-,"6,319","6,371",99.2,-,"2,628","3,917",67.1,-,"4,333","4,707",88.5,-,"4,398","4,707",89.0,-,"4,388","4,707",89.3,-,"3,655","3,937",91.1,-,"4,130","4,690",84.9,-,4,"4,918",0.1,-,"6,245","6,371",98.0,-,60,"6,317",0.9,-,"3,402","4,696",72.44,-,680,775,87.74,-,"3,846","4,143",92.83,-,"7,019","8,290",84.67,85.75,84.93,86.65,Better Than National Rate,-,120,"4,953",2.42,3.36,2.84,3.94,Same As National Rate,-,280,"4,188",6.69,7.68,6.79,8.71,Better Than National Rate,-,0.96,-,"11,593"
VA,497497,SOVAH HOME HEALTH OF MARTINSVILLE,706 E CHURCH STREET SUITE A,MARTINSVILLE,24112,2766341950,PROPRIETARY,Yes,Yes,Yes,Yes,No,No,02/17/1995,3,-,492,515,95.5,-,186,333,55.9,-,277,317,85.3,-,287,317,88.5,-,280,317,85.4,-,306,337,87.5,-,277,316,85.3,-,0,353,0.0,-,408,515,79.2,-,5,511,1.0,-,197,315,62.54,-,-,-,-,The number of patient episodes for this measure is too small to report.,302,336,89.88,-,318,411,77.37,83.97,80.11,87.22,Better Than National Rate,-,6,274,2.19,3.34,2.39,4.79,Same As National Rate,-,18,184,9.78,8.84,5.86,12.48,Same As National Rate,-,0.90,-,691
VA,497498,AMEDISYS HOME HEALTH CARE,"6353 CENTER DRIVE, BLDG 8, SUITE 205",NORFOLK,23502,7574661340,PROPRIETARY,Yes,Yes,Yes,Yes,Yes,No,03/01/1995,4,-,972,978,99.4,-,362,655,55.3,-,633,678,91.3,-,648,678,92.8,-,645,678,92.1,-,644,668,93.8,-,638,673,92.0,-,3,706,0.3,-,903,979,92.2,-,19,965,2.0,-,523,676,77.37,-,44,62,70.97,-,511,644,79.35,-,620,886,69.98,81.47,78.04,83.95,Better Than National Rate,-,27,505,5.35,4.34,3.15,5.74,Same As National Rate,-,53,381,13.91,10.98,8.88,13.63,Same As National Rate,-,1.03,-,"1,406"
VA,497502,"PROFESSIONAL HEALTHCARE RESOURCES, INC","7619 LITTLE RIVER TURNPIKE, SUITE 600",ANNANDALE,22003,7037528760,PROPRIETARY,Yes,Yes,Yes,Yes,Yes,Yes,09/06/1995,3,-,83,83,100.0,-,43,47,91.5,-,49,66,71.7,-,59,66,86.2,-,52,66,78.8,-,44,45,100.0,-,49,65,77.8,-,0,67,0.0,-,75,83,90.4,-,0,83,0.0,-,44,66,66.67,-,-,-,-,The number of patient episodes for this measure is too small to report.,45,56,80.36,-,70,90,77.78,80.91,72.34,88.41,Same As National Rate,-,3,47,6.38,4.06,2.84,5.77,Same As National Rate,-,8,56,14.29,12.66,7.54,19.86,Same As National Rate,-,1.02,-,135
VA,497507,RIVERSIDE SHORE HOME HEALTH,23379 COMMERCE DR,ACCOMAC,23301,7577895000,PROPRIETARY,Yes,Yes,Yes,Yes,Yes,Yes,12/08/1995,3,-,"1,571","1,577",99.6,-,713,"1,002",71.2,-,968,"1,133",84.9,-,953,"1,105",87.4,-,978,"1,142",83.7,-,810,929,87.2,-,927,"1,082",82.3,-,7,"1,176",0.7,-,"1,540","1,577",97.7,-,23,"1,576",1.5,-,911,"1,143",79.70,-,87,90,96.67,-,"1,067","1,086",98.25,-,932,"1,109",84.04,86.98,84.88,89.11,Better Than National Rate,-,29,715,4.06,4.08,3.13,5.12,Same As National Rate,-,51,564,9.04,8.89,6.84,11.38,Same As National Rate,-,0.92,-,"1,464"
VA,497508,ACCENTCARE HOME HEALTH OF VIRGINIA,7502 LEE DAVIS ROAD,MECHANICSVILLE,23111,8047691380,PROPRIETARY,Yes,Yes,Yes,Yes,Yes,Yes,01/23/1996,4,-,703,753,93.4,-,260,464,56.0,-,536,554,92.1,-,531,554,91.9,-,531,554,90.4,-,483,497,93.0,-,520,554,87.8,-,1,574,0.2,-,676,754,89.7,-,8,748,1.1,-,371,552,67.21,-,64,75,85.33,-,476,499,95.39,-,425,580,73.28,79.06,75.02,82.71,Same As National Rate,-,12,363,3.31,3.71,2.81,5.01,Same As National Rate,-,26,288,9.03,8.50,6.34,11.66,Same As National Rate,-,0.99,-,860
VA,497533,ENHABIT HOME HEALTH (LYNCHBURG),306 GRISTMILL DRIVE UNIT C,FOREST,24551,4348463300,PROPRIETARY,Yes,Yes,Yes,Yes,Yes,Yes,04/03/1997,3.5,-,"1,098","1,143",96.1,-,448,720,62.2,-,693,794,87.3,-,695,792,88.4,-,699,795,89.5,-,687,767,89.7,-,616,767,84.6,-,0,911,0.0,-,"1,134","1,143",99.2,-,12,"1,140",1.1,-,595,792,75.13,-,114,117,97.44,-,763,794,96.10,-,809,"1,040",77.79,85.87,83.73,88.45,Better Than National Rate,-,24,492,4.88,4.45,3.52,5.57,Same As National Rate,-,49,579,8.46,8.88,6.91,11.21,Same As National Rate,-,0.91,-,"1,481"
VA,497535,FIRST CHOICE HOME HEALTH CARE,46 SEVENTH STREET NW,NORTON,24273,2766797404,PROPRIETARY,Yes,Yes,No,No,No,Yes,04/28/1997,2,-,79,79,100.0,-,59,66,89.4,-,14,23,75.4,-,10,22,62.9,-,13,23,63.8,-,10,23,45.9,-,-,-,-,The number of patient episodes for this measure is too small to report.,1,24,3.9,-,79,79,100.0,-,1,79,1.3,-,18,21,85.71,-,-,-,-,The number of patient episodes for this measure is too small to report.,22,23,95.65,-,39,94,41.49,46.78,36.40,57.57,Worse Than National Rate,-,1,29,3.45,3.84,2.62,5.23,Same As National Rate,-,14,45,31.11,16.88,11.60,23.22,Worse Than National Rate,-,0.89,-,641
VA,497536,AMERICAN HEALTH CARE PROFESSIONALS,"752 WALKER ROAD, SUITE E",GREAT FALLS,22066,7033882813,PROPRIETARY,Yes,Yes,Yes,No,No,Yes,02/10/1997,3,-,31,33,93.9,-,-,-,-,The number of patient episodes for this measure is too small to report.,16,27,75.7,-,15,27,75.5,-,21,26,95.6,-,-,-,-,The number of patient episodes for this measure is too small to report.,16,21,88.5,-,0,27,0.0,-,31,33,93.9,-,1,33,3.0,-,20,27,74.07,-,-,-,-,The number of patient episodes for this measure is too small to report.,-,-,-,The number of patient episodes for this measure is too small to report.,37,46,80.43,81.91,73.81,92.60,Same As National Rate,-,-,14,-,-,-,-,Not Available,The number of patient episodes for this measure is too small to report.,3,30,10.00,10.45,5.63,19.70,Same As National Rate,-,0.97,-,79
VA,497538,AMEDISYS HOME HEALTH,4589 LIFESTYLE LANE,MIDLOTHIAN,23112,8046397903,PROPRIETARY,Yes,Yes,Yes,Yes,Yes,Yes,05/15/1997,4,-,"6,325","6,333",99.9,-,"2,208","4,044",54.6,-,"4,303","4,483",91.1,-,"4,332","4,480",93.0,-,"4,361","4,483",92.0,-,"4,152","4,278",92.8,-,"4,369","4,460",90.8,-,9,"4,538",0.2,-,"5,709","6,333",90.1,-,45,"6,292",0.7,-,"3,279","4,468",73.39,-,50,147,34.01,-,"1,965","4,391",44.75,-,"4,328","5,852",73.96,80.79,79.55,81.84,Better Than National Rate,-,160,"4,489",3.56,3.61,3.17,4.11,Same As National Rate,-,381,"2,963",12.86,10.85,9.94,11.98,Worse Than National Rate,-,1.01,-,"8,696"
VA,497541,"HOME & HEART HEALTH, INC",701 KENMORE AVE SUITE 101A,FREDERICKSBURG,22401,5408993666,PROPRIETARY,Yes,Yes,Yes,Yes,No,Yes,08/27/1997,4,-,"1,162","1,163",99.9,-,522,682,76.5,-,911,954,90.0,-,919,953,91.2,-,935,956,91.8,-,878,889,93.6,-,914,949,89.2,-,0,965,0.0,-,"1,163","1,164",99.9,-,9,"1,164",0.8,-,687,954,72.01,-,47,51,92.16,-,885,912,97.04,-,757,882,85.83,87.62,84.64,89.74,Better Than National Rate,-,21,479,4.38,4.16,3.03,5.46,Same As National Rate,-,31,433,7.16,7.91,5.64,10.29,Same As National Rate,-,0.94,-,"1,122"
VA,497545,SOUTHWEST VA HOME HEALTH CARE,2752 GLENDALE RD,GALAX,24333,2762361222,PROPRIETARY,Yes,Yes,Yes,Yes,Yes,Yes,06/30/1998,2,-,99,111,89.2,-,30,78,38.5,-,38,57,80.2,-,24,56,66.5,-,39,58,69.2,-,29,49,66.3,-,23,38,74.0,-,0,58,0.0,-,97,111,87.4,-,5,111,4.5,-,31,55,56.36,-,-,-,-,The number of patient episodes for this measure is too small to report.,46,54,85.19,-,50,147,34.01,38.12,30.08,46.21,Worse Than National Rate,-,4,55,7.27,4.17,2.86,6.32,Same As National Rate,-,12,70,17.14,14.31,9.31,21.17,Same As National Rate,-,0.98,-,417
VA,497546,ADVANCED HEALTH SERVICES,4419 PHEASANT RIDGE ROAD SUITE 103,ROANOKE,24014,5409949811,PROPRIETARY,Yes,Yes,Yes,Yes,Yes,No,07/15/1998,3.5,-,408,468,87.2,-,257,328,78.4,-,321,360,90.1,-,334,360,88.0,-,338,362,90.4,-,299,330,88.9,-,296,317,89.8,-,1,370,0.2,-,395,471,83.9,-,5,468,1.1,-,241,362,66.57,-,-,-,-,The number of patient episodes for this measure is too small to report.,333,354,94.07,-,285,368,77.45,83.02,78.41,86.65,Better Than National Rate,-,6,254,2.36,3.47,2.52,4.99,Same As National Rate,-,12,118,10.17,9.86,5.91,14.01,Same As National Rate,-,0.98,-,576
VA,497547,CONTINUUM PEDIATRIC NURSING SERVICES,8230 LEESBURG PIKE SUITE 740,VIENNA,22182,7035060123,PROPRIETARY,Yes,No,Yes,No,No,No,08/13/1998,-,The number of patient episodes for this measure is too small to report.,-,-,-,The number of patient episodes for this measure is too small to report.,-,-,-,The number of patient episodes for this measure is too small to report.,-,-,-,This measure currently does not have data or provider has been certified/recertified for less than 6 months.,-,-,-,This measure currently does not have data or provider has been certified/recertified for less than 6 months.,-,-,-,This measure currently does not have data or provider has been certified/recertified for less than 6 months.,-,-,-,The number of patient episodes for this measure is too small to report.,-,-,-,The number of patient episodes for this measure is too small to report.,-,-,-,The number of patient episodes for this measure is too small to report.,-,-,-,The number of patient episodes for this measure is too small to report.,-,-,-,The number of patient episodes for this measure is too small to report.,-,-,-,This measure currently does not have data or provider has been certified/recertified for less than 6 months.,-,-,-,This measure currently does not have data or provider has been certified/recertified for less than 6 months.,-,-,-,The number of patient episodes for this measure is too small to report.,-,-,-,-,-,-,-,This measure currently does not have data or provider has been certified/recertified for less than 6 months.,-,-,-,-,-,-,-,This measure currently does not have data or provider has been certified/recertified for less than 6 months.,-,-,-,-,-,-,-,This measure currently does not have data or provider has been certified/recertified for less than 6 months.,-,This measure currently does not have data or provider has been certified/recertified for less than 6 months.,-
VA,497548,ALLCARE HOME HEALTH,242 NORDAN DRIVE,DANVILLE,24540,4348365883,PROPRIETARY,Yes,Yes,Yes,No,No,Yes,11/04/1998,-,The number of patient episodes for this measure is too small to report.,-,-,-,This measure currently does not have data or provider has been certified/recertified for less than 6 months.,-,-,-,This measure currently does not have data or provider has been certified/recertified for less than 6 months.,-,-,-,This measure currently does not have data or provider has been certified/recertified for less than 6 months.,-,-,-,This measure currently does not have data or provider has been certified/recertified for less than 6 months.,-,-,-,This measure currently does not have data or provider has been certified/recertified for less than 6 months.,-,-,-,This measure currently does not have data or provider has been certified/recertified for less than 6 months.,-,-,-,This measure currently does not have data or provider has been certified/recertified for less than 6 months.,-,-,-,This measure currently does not have data or provider has been certified/recertified for less than 6 months.,-,-,-,This measure currently does not have data or provider has been certified/recertified for less than 6 months.,-,-,-,This measure currently does not have data or provider has been certified/recertified for less than 6 months.,-,-,-,This measure currently does not have data or provider has been certified/recertified for less than 6 months.,-,-,-,This measure currently does not have data or provider has been certified/recertified for less than 6 months.,-,-,-,This measure currently does not have data or provider has been certified/recertified for less than 6 months.,-,6,-,-,-,-,Not Available,The number of patient episodes for this measure is too small to report.,-,12,-,-,-,-,Not Available,The number of patient episodes for this measure is too small to report.,-,-,-,-,-,-,-,This measure currently does not have data or provider has been certified/recertified for less than 6 months.,-,The number of patient episodes for this measure is too small to report.,12
VA,497549,MEDI HOME HEALTH AGENCY,4820 SOUTHPOINT DRIVE SUITE 103,FREDERICKSBURG,22407,5403617696,PROPRIETARY,Yes,Yes,Yes,Yes,Yes,Yes,11/03/1998,3,-,419,423,99.1,-,197,239,82.4,-,221,279,83.7,-,230,278,84.1,-,218,278,83.9,-,235,261,89.7,-,198,276,81.3,-,2,303,0.1,-,420,424,99.1,-,7,423,1.7,-,172,278,61.87,-,41,74,55.41,-,157,228,68.86,-,495,636,77.83,80.42,76.99,83.34,Better Than National Rate,-,15,297,5.05,4.06,3.11,5.33,Same As National Rate,-,45,373,12.06,12.62,9.56,16.66,Same As National Rate,-,1.01,-,851
VA,497550,MEDSTAR HEALTH HOME CARE,4040 NORTH FAIRFAX DRIVE - SUITE 625,ARLINGTON,22203,7037481533,NON-PROFIT,Yes,Yes,Yes,No,No,Yes,07/24/1998,3.5,-,243,255,95.3,-,132,162,81.5,-,178,208,86.1,-,193,208,92.4,-,181,209,86.7,-,117,139,89.9,-,167,196,84.9,-,0,211,0.0,-,246,255,96.5,-,2,254,0.8,-,176,208,84.62,-,-,-,-,The number of patient episodes for this measure is too small to report.,194,199,97.49,-,234,298,78.52,78.68,73.12,82.17,Same As National Rate,-,3,218,1.38,3.59,2.53,5.57,Same As National Rate,-,13,147,8.84,9.72,6.38,13.75,Same As National Rate,-,1.05,-,407
VA,497552,HUMAN TOUCH HOME HEALTH CARE,"113 PARK AVENUE, SUITE 300",FALLS CHURCH,22046,7035310540,PROPRIETARY,Yes,Yes,Yes,Yes,Yes,Yes,12/23/1998,3,-,304,307,99.0,-,169,175,96.6,-,230,270,81.3,-,247,270,86.1,-,231,270,84.4,-,172,198,88.7,-,233,269,81.0,-,1,270,0.4,-,307,307,100.0,-,1,307,0.3,-,195,269,72.49,-,10,25,40.00,-,232,244,95.08,-,67,82,81.71,82.65,72.21,89.59,Same As National Rate,-,2,42,4.76,3.99,2.80,5.60,Same As National Rate,-,1,32,3.12,8.25,4.64,14.54,Same As National Rate,-,0.84,-,132
VA,497557,"PSA HEALTHCARE, INC",6330 N CENTER DRIVE  SUITE 142,NORFOLK,23502,7574616310,PROPRIETARY,Yes,No,No,Yes,No,No,04/20/1999,-,The number of patient episodes for this measure is too small to report.,-,-,-,The number of patient episodes for this measure is too small to report.,-,-,-,The number of patient episodes for this measure is too small to report.,-,-,-,This measure currently does not have data or provider has been certified/recertified for less than 6 months.,-,-,-,This measure currently does not have data or provider has been certified/recertified for less than 6 months.,-,-,-,This measure currently does not have data or provider has been certified/recertified for less than 6 months.,-,-,-,This measure currently does not have data or provider has been certified/recertified for less than 6 months.,-,-,-,This measure currently does not have data or provider has been certified/recertified for less than 6 months.,-,-,-,This measure currently does not have data or provider has been certified/recertified for less than 6 months.,-,-,-,The number of patient episodes for this measure is too small to report.,-,-,-,The number of patient episodes for this measure is too small to report.,-,-,-,This measure currently does not have data or provider has been certified/recertified for less than 6 months.,-,-,-,This measure currently does not have data or provider has been certified/recertified for less than 6 months.,-,-,-,This measure currently does not have data or provider has been certified/recertified for less than 6 months.,-,-,-,-,-,-,-,This measure currently does not have data or provider has been certified/recertified for less than 6 months.,-,-,-,-,-,-,-,This measure currently does not have data or provider has been certified/recertified for less than 6 months.,-,-,-,-,-,-,-,This measure currently does not have data or provider has been certified/recertified for less than 6 months.,-,This measure currently does not have data or provider has been certified/recertified for less than 6 months.,-
VA,497559,"CAREGIVERS HOME HEALTH SERVICES, INC","8500 LEESBURG PIKE, SUITE 500",TYSONS,22182,7035326210,PROPRIETARY,Yes,Yes,Yes,Yes,Yes,Yes,11/08/1999,3.5,-,"3,699","3,701",99.9,-,"2,005","2,298",87.2,-,"2,267","2,519",87.3,-,"2,319","2,517",89.4,-,"2,294","2,519",91.9,-,"2,387","2,523",90.8,-,"2,329","2,497",89.6,-,5,"2,586",0.0,-,"3,671","3,702",99.2,-,27,"3,700",0.7,-,"1,948","2,517",77.39,-,147,168,87.50,-,"2,348","2,412",97.35,-,"1,624","2,277",71.32,73.95,72.47,75.49,Worse Than National Rate,-,54,"1,464",3.69,4.27,3.52,5.23,Same As National Rate,-,137,"1,017",13.47,13.81,11.70,15.99,Worse Than National Rate,-,0.97,-,"3,411"
VA,497564,ENHABIT HOME HEALTH,100 GATEWAY CENTRE PKWY SUITE 205A,NORTH CHESTERFIELD,23235,8043771188,PROPRIETARY,Yes,Yes,Yes,Yes,Yes,Yes,07/13/2000,2,-,"1,062","1,344",79.0,-,405,894,45.3,-,660,911,74.6,-,704,898,80.2,-,721,913,81.7,-,606,770,81.0,-,665,895,80.6,-,2,"1,004",0.1,-,"1,290","1,345",95.9,-,26,"1,334",1.9,-,554,897,61.76,-,37,64,57.81,-,806,940,85.74,-,"1,549","2,080",74.47,77.08,75.34,78.94,Same As National Rate,-,42,"1,300",3.23,3.79,2.96,4.57,Same As National Rate,-,129,914,14.11,14.30,12.31,16.57,Worse Than National Rate,-,1.04,-,"3,668"
VA,497565,SENTARA HOME CARE SERVICES,229 NORTH MONROE AVE,COVINGTON,24456,5408632140,PROPRIETARY,Yes,Yes,No,No,Yes,Yes,10/04/2000,3.5,-,685,716,95.7,-,332,429,77.4,-,518,579,84.6,-,532,578,88.6,-,524,579,87.5,-,425,476,89.2,-,532,573,85.8,-,5,589,0.9,-,709,717,98.9,-,4,714,0.6,-,411,578,71.11,-,29,72,40.28,-,515,517,99.61,-,520,638,81.50,86.26,83.29,88.50,Better Than National Rate,-,21,383,5.48,4.39,3.21,5.78,Same As National Rate,-,14,308,4.55,5.39,3.70,7.62,Better Than National Rate,-,0.87,-,806
VA,497566,AMEDISYS HOME HEALTH CARE,16009 PORTERFIELD HIGHWAY,ABINGDON,24210,2766192532,PROPRIETARY,Yes,Yes,Yes,Yes,Yes,Yes,12/20/2000,3.5,-,"2,020","2,025",99.8,-,660,"1,340",49.3,-,"1,173","1,286",90.1,-,"1,201","1,286",92.7,-,"1,196","1,287",91.5,-,"1,198","1,267",90.0,-,"1,084","1,275",83.8,-,1,"1,341",0.1,-,"1,913","2,026",94.4,-,24,"1,710",1.4,-,851,"1,248",68.19,-,152,197,77.16,-,745,"1,144",65.12,-,"1,257","1,783",70.50,77.42,75.54,79.74,Same As National Rate,-,39,806,4.84,4.33,3.31,5.48,Same As National Rate,-,151,883,17.10,15.15,13.51,17.31,Worse Than National Rate,-,1.08,-,"3,769"
VA,497567,HUMAN TOUCH HOME HEALTH,1701  FALL HILL AVE  101,FREDERICKSBURG,22401,7037260110,PROPRIETARY,Yes,Yes,Yes,Yes,Yes,Yes,01/10/2001,2.5,-,284,284,100.0,-,129,167,77.2,-,148,194,72.5,-,169,195,82.4,-,156,194,78.7,-,156,199,73.5,-,158,195,74.2,-,0,201,0.0,-,283,284,99.6,-,0,284,0.0,-,142,194,73.20,-,-,-,-,The number of patient episodes for this measure is too small to report.,192,193,99.48,-,106,145,73.10,77.20,69.19,83.04,Same As National Rate,-,5,114,4.39,3.93,2.70,5.32,Same As National Rate,-,8,58,13.79,10.56,6.44,15.61,Same As National Rate,-,0.91,-,204
VA,497568,ESPRIT HOME HEALTHCARE LLC,4209 EVERGREEN LANE SUITE 101,ANNANDALE,22003,7039987400,PROPRIETARY,Yes,Yes,Yes,Yes,Yes,Yes,03/22/2001,4.5,-,200,200,100.0,-,133,136,97.8,-,147,158,90.9,-,151,158,92.5,-,144,158,92.8,-,148,150,97.2,-,149,158,91.9,-,0,158,0.0,-,199,200,99.5,-,1,200,0.5,-,116,158,73.42,-,14,30,46.67,-,118,128,92.19,-,245,313,78.27,79.15,75.14,83.00,Same As National Rate,-,6,128,4.69,4.03,2.88,5.85,Same As National Rate,-,7,160,4.38,6.70,4.19,10.50,Same As National Rate,-,0.94,-,551
VA,497569,IN HOME CARE  INC,201 NOTTINGHAM AVE,WISE,24293,2763289340,PROPRIETARY,Yes,Yes,Yes,Yes,Yes,Yes,06/27/2001,2,-,630,713,88.4,-,174,458,38.0,-,341,440,77.5,-,371,442,82.8,-,357,443,80.6,-,262,343,76.2,-,330,417,75.1,-,0,455,0.0,-,675,715,94.4,-,3,710,0.4,-,243,447,54.36,-,-,-,-,The number of patient episodes for this measure is too small to report.,430,441,97.51,-,78,98,79.59,87.44,78.07,93.81,Better Than National Rate,-,1,59,1.69,3.69,2.50,5.01,Same As National Rate,-,6,56,10.71,10.58,5.76,17.01,Same As National Rate,-,1.02,-,164
VA,497570,ENHABIT HOME HEALTH,5501 BACKLICK ROAD STE 250,SPRINGFIELD,22151,7035501400,PROPRIETARY,Yes,Yes,Yes,Yes,Yes,Yes,12/27/2001,2,-,420,604,69.5,-,216,352,61.4,-,323,458,71.6,-,361,453,79.3,-,335,459,75.1,-,139,163,90.5,-,290,444,70.4,-,0,483,0.0,-,570,604,94.4,-,8,592,1.4,-,284,458,62.01,-,42,59,71.19,-,383,424,90.33,-,614,755,81.32,81.51,78.31,83.67,Better Than National Rate,-,7,455,1.54,3.22,2.37,4.16,Same As National Rate,-,22,323,6.81,8.37,6.11,10.96,Same As National Rate,-,0.96,-,"1,147"
VA,497571,INTERIM HEALTHCARE - COLLINSVILLE,3235 VIRGINIA AVENUE,COLLINSVILLE,24078,2766471700,PROPRIETARY,Yes,Yes,Yes,Yes,Yes,Yes,09/20/2001,1.5,-,65,86,75.6,-,53,57,93.0,-,39,79,47.4,-,31,78,37.4,-,37,78,47.1,-,16,49,33.3,-,35,74,43.7,-,0,81,0.0,-,93,103,90.3,-,0,101,0.0,-,24,80,30.00,-,-,-,-,The number of patient episodes for this measure is too small to report.,32,73,43.84,-,50,62,80.65,82.90,72.30,91.11,Same As National Rate,-,1,38,2.63,3.83,2.60,5.37,Same As National Rate,-,1,24,4.17,8.36,3.80,14.99,Same As National Rate,-,1.02,-,73
VA,497572,INTERIM HEALTHCARE (LYNCHBURG),20566 TIMBERLAKE ROAD - SUITE C,LYNCHBURG,24502,4348364686,PROPRIETARY,Yes,Yes,Yes,Yes,Yes,Yes,11/09/2001,2,-,227,252,90.1,-,109,154,70.8,-,96,176,63.8,-,122,175,75.9,-,100,178,66.5,-,57,87,74.2,-,63,172,55.4,-,0,191,0.0,-,243,253,96.0,-,10,252,4.0,-,96,179,53.63,-,23,117,19.66,-,43,74,58.11,-,142,207,68.60,70.94,65.20,77.58,Same As National Rate,-,5,72,6.94,4.17,2.93,5.72,Same As National Rate,-,15,167,8.98,10.43,6.80,16.21,Same As National Rate,-,1.04,-,251
VA,497573,INTERIM HEALTHCARE - CHRISTIANSBURG,100 ARBOR DRIVE SUITE 108,CHRISTIANSBURG,24073,5403812757,PROPRIETARY,Yes,Yes,Yes,Yes,Yes,Yes,02/21/2002,2,-,67,71,94.4,-,27,42,64.3,-,45,53,78.5,-,38,53,64.5,-,45,53,78.6,-,21,36,56.2,-,49,53,82.8,-,0,53,0.0,-,68,71,95.8,-,0,70,0.0,-,26,52,50.00,-,-,-,-,The number of patient episodes for this measure is too small to report.,48,49,97.96,-,80,107,74.77,77.87,69.28,85.08,Same As National Rate,-,3,65,4.62,3.94,2.76,5.38,Same As National Rate,-,10,54,18.52,13.32,8.32,19.91,Same As National Rate,-,1.17,-,171
VA,497574,INTERIM HEALTHCARE,10340 DEMOCRACY LN,FAIRFAX,22030,2762002606,PROPRIETARY,Yes,Yes,Yes,Yes,Yes,Yes,05/23/2002,2,-,25,28,89.3,-,-,-,-,The number of patient episodes for this measure is too small to report.,14,22,64.2,-,14,22,62.4,-,17,22,73.9,-,-,-,-,The number of patient episodes for this measure is too small to report.,14,20,66.0,-,0,22,0.0,-,27,28,96.4,-,0,28,0.0,-,9,22,40.91,-,-,-,-,The number of patient episodes for this measure is too small to report.,19,20,95.00,-,53,72,73.61,76.10,66.30,84.79,Same As National Rate,-,0,29,0.00,3.70,2.41,5.17,Same As National Rate,-,2,28,7.14,9.53,5.14,18.97,Same As National Rate,-,0.95,-,123
VA,497577,AVEANNA HEALTHCARE,"3554 CHAIN BRIDGE RD, STE 103",FAIRFAX,22030,7038737672,PROPRIETARY,Yes,Yes,Yes,Yes,No,No,02/05/2003,-,The number of patient episodes for this measure is too small to report.,-,-,-,The number of patient episodes for this measure is too small to report.,-,-,-,The number of patient episodes for this measure is too small to report.,-,-,-,This measure currently does not have data or provider has been certified/recertified for less than 6 months.,-,-,-,This measure currently does not have data or provider has been certified/recertified for less than 6 months.,-,-,-,This measure currently does not have data or provider has been certified/recertified for less than 6 months.,-,-,-,This measure currently does not have data or provider has been certified/recertified for less than 6 months.,-,-,-,This measure currently does not have data or provider has been certified/recertified for less than 6 months.,-,-,-,The number of patient episodes for this measure is too small to report.,-,-,-,The number of patient episodes for this measure is too small to report.,-,-,-,The number of patient episodes for this measure is too small to report.,-,-,-,This measure currently does not have data or provider has been certified/recertified for less than 6 months.,-,-,-,The number of patient episodes for this measure is too small to report.,-,-,-,This measure currently does not have data or provider has been certified/recertified for less than 6 months.,-,-,-,-,-,-,-,This measure currently does not have data or provider has been certified/recertified for less than 6 months.,-,-,-,-,-,-,-,This measure currently does not have data or provider has been certified/recertified for less than 6 months.,-,-,-,-,-,-,-,This measure currently does not have data or provider has been certified/recertified for less than 6 months.,-,This measure currently does not have data or provider has been certified/recertified for less than 6 months.,-
VA,497580,MEDI HOME HEALTH AGENCY,530 INDEPENDENCE PKWY SUITE 200,CHESAPEAKE,23320,7574207192,PROPRIETARY,Yes,Yes,Yes,Yes,Yes,Yes,06/05/2003,2.5,-,975,"1,043",93.5,-,313,664,47.1,-,596,717,84.7,-,625,716,87.4,-,611,720,87.3,-,515,607,87.0,-,564,703,84.3,-,2,756,0.1,-,975,"1,050",92.9,-,11,"1,046",1.1,-,438,715,61.26,-,140,186,75.27,-,475,567,83.77,-,634,807,78.56,84.23,81.62,86.67,Better Than National Rate,-,3,232,1.29,3.28,2.11,4.70,Same As National Rate,-,61,405,15.06,14.21,11.37,17.08,Worse Than National Rate,-,0.97,-,"1,299"
VA,497581,"HOPE IN HOME CARE,  LLC",11835 ROCK LANDING DR HOPE CENTER,NEWPORT NEWS,23606,7578733410,PROPRIETARY,Yes,Yes,Yes,Yes,Yes,Yes,07/10/2003,1.5,-,150,153,98.0,-,68,96,70.8,-,56,110,56.3,-,48,97,64.2,-,51,114,49.3,-,24,44,67.9,-,27,64,54.2,-,0,117,0.0,-,142,153,92.8,-,0,137,0.0,-,65,115,56.52,-,-,-,-,The number of patient episodes for this measure is too small to report.,77,111,69.37,-,48,67,71.64,74.61,64.41,83.35,Same As National Rate,-,2,35,5.71,3.94,2.66,5.69,Same As National Rate,-,4,33,12.12,11.70,6.22,21.58,Same As National Rate,-,0.76,-,116
VA,497582,SEVEN HILLS HOME HEALTH INC,"14805 FOREST RD, STE 204",FOREST,24551,4348476400,PROPRIETARY,Yes,Yes,Yes,Yes,Yes,Yes,08/27/2003,2,-,123,140,87.9,-,56,87,64.4,-,58,93,69.2,-,58,90,72.7,-,74,94,81.9,-,40,51,85.9,-,45,76,71.1,-,0,102,0.0,-,129,141,91.5,-,2,136,1.5,-,61,91,67.03,-,28,34,82.35,-,55,68,80.88,-,252,380,66.32,72.43,69.13,77.01,Same As National Rate,-,12,263,4.56,4.25,3.15,5.68,Same As National Rate,-,21,142,14.79,12.59,9.11,17.50,Same As National Rate,-,1.05,-,660
VA,497583,HOPE IN-HOME CARE LLC,6320 N CENTER DRIVE SUITE 102 BUILDING 15,NORFOLK,23502,7574550030,PROPRIETARY,Yes,Yes,Yes,Yes,Yes,Yes,09/17/2003,-,The number of patient episodes for this measure is too small to report.,-,-,-,The number of patient episodes for this measure is too small to report.,-,-,-,This measure currently does not have data or provider has been certified/recertified for less than 6 months.,-,-,-,The number of patient episodes for this measure is too small to report.,-,-,-,The number of patient episodes for this measure is too small to report.,-,-,-,The number of patient episodes for this measure is too small to report.,-,-,-,This measure currently does not have data or provider has been certified/recertified for less than 6 months.,-,-,-,This measure currently does not have data or provider has been certified/recertified for less than 6 months.,-,-,-,The number of patient episodes for this measure is too small to report.,-,-,-,The number of patient episodes for this measure is too small to report.,-,-,-,The number of patient episodes for this measure is too small to report.,-,-,-,The number of patient episodes for this measure is too small to report.,-,-,-,This measure currently does not have data or provider has been certified/recertified for less than 6 months.,-,-,-,The number of patient episodes for this measure is too small to report.,-,1,-,-,-,-,Not Available,The number of patient episodes for this measure is too small to report.,-,1,-,-,-,-,Not Available,The number of patient episodes for this measure is too small to report.,-,1,-,-,-,-,Not Available,The number of patient episodes for this measure is too small to report.,-,The number of patient episodes for this measure is too small to report.,3
VA,497584,MEDI HOME HEALTH AGENCY,141 EAST MAIN STREET SUITE 500,PULASKI,24301,5403825637,PROPRIETARY,Yes,Yes,Yes,Yes,Yes,Yes,10/30/2003,2.5,-,446,483,92.3,-,206,329,62.6,-,316,370,81.6,-,335,367,86.5,-,315,369,84.1,-,289,339,82.1,-,312,359,81.9,-,1,377,0.2,-,438,495,88.5,-,2,495,0.4,-,277,361,76.73,-,25,32,78.13,-,273,344,79.36,-,293,432,67.82,76.55,72.99,80.80,Same As National Rate,-,3,171,1.75,3.35,2.39,4.69,Same As National Rate,-,30,230,13.04,10.32,7.59,13.49,Same As National Rate,-,1.05,-,746
VA,497587,NATIONAL HOME HEALTH CARE INC,"459 HERNDON PARKWAY, SUITE 17",HERNDON,20170,7037873060,PROPRIETARY,Yes,Yes,Yes,Yes,Yes,Yes,02/06/2004,3,-,967,"1,038",93.2,-,477,608,78.5,-,528,737,84.8,-,548,725,87.5,-,556,740,83.8,-,350,409,96.0,-,402,642,79.5,-,2,777,0.2,-,939,"1,039",90.4,-,19,"1,027",1.9,-,440,745,59.06,-,132,184,71.74,-,536,593,90.39,-,"1,214","1,606",75.59,79.81,77.49,81.56,Better Than National Rate,-,34,814,4.18,4.29,3.46,5.49,Same As National Rate,-,60,748,8.02,8.05,6.33,10.16,Same As National Rate,-,0.97,-,"2,412"
VA,497592,MOUNTAIN REGIONAL PERSONAL CARE SERVICES INC,463 DUFF PATT HIGHWAY,DUFFIELD,24244,2764311440,PROPRIETARY,Yes,Yes,Yes,Yes,No,Yes,08/10/2004,2,-,"1,123","1,287",87.3,-,499,819,60.9,-,676,864,77.7,-,689,859,80.2,-,674,874,78.1,-,556,741,76.6,-,653,803,78.9,-,4,882,0.4,-,"1,256","1,289",97.4,-,4,"1,289",0.3,-,546,869,62.83,-,80,93,86.02,-,686,786,87.28,-,301,415,72.53,80.06,76.10,84.19,Better Than National Rate,-,7,196,3.57,3.68,2.68,5.06,Same As National Rate,-,27,232,11.64,10.81,7.76,14.26,Same As National Rate,-,1.05,-,720
VA,497593,LIVINRITE HOME HEALTH SERVICES,10550 LINDEN LAKE PLZ SUITE 100,MANASSAS,20109,7033696677,PROPRIETARY,Yes,Yes,Yes,Yes,Yes,Yes,09/22/2004,3,-,"1,302","1,306",99.7,-,614,783,78.4,-,825,991,80.4,-,866,991,83.8,-,861,991,83.4,-,845,"1,000",79.6,-,805,989,77.8,-,5,"1,017",0.3,-,"1,231","1,306",94.3,-,3,"1,306",0.2,-,659,985,66.90,-,61,66,92.42,-,914,951,96.11,-,"1,165","1,477",78.88,85.76,83.89,87.96,Better Than National Rate,-,54,999,5.41,4.79,3.75,6.05,Same As National Rate,-,55,624,8.81,7.58,5.99,9.24,Better Than National Rate,-,1.00,-,"1,926"
VA,497594,ALL ABOUT CARE,"10043 MIDLOTHIAN TURNPIKE, SUITE 204",RICHMOND,23235,8045605430,PROPRIETARY,Yes,Yes,Yes,Yes,Yes,Yes,11/10/2004,3.5,-,"2,438","2,466",98.9,-,993,"1,506",65.9,-,"1,346","1,603",87.8,-,"1,351","1,582",87.7,-,"1,408","1,616",86.1,-,951,"1,108",88.4,-,"1,159","1,399",85.1,-,2,"1,656",0.2,-,"2,359","2,467",95.6,-,17,"2,323",0.7,-,"1,063","1,625",65.42,-,179,461,38.83,-,862,"1,195",72.13,-,"1,451","2,068",70.16,76.68,74.41,78.45,Same As National Rate,-,61,"1,645",3.71,3.98,3.23,5.06,Same As National Rate,-,100,"1,100",9.09,8.01,6.56,9.62,Better Than National Rate,-,1.00,-,"3,349"
VA,497596,GREENSPRING VILLAGE HOME SUPPORT SERVICES,7410 SPRING VILLAGE DRIVE,SPRINGFIELD,22150,7039233123,NON-PROFIT,Yes,Yes,Yes,Yes,Yes,Yes,03/24/2005,3,-,271,280,96.8,-,171,178,96.1,-,186,215,85.3,-,194,215,91.4,-,196,215,89.0,-,159,203,77.2,-,158,214,72.7,-,0,220,0.0,-,252,280,90.0,-,2,277,0.7,-,178,213,83.57,-,-,-,-,The number of patient episodes for this measure is too small to report.,203,206,98.54,-,244,305,80.00,90.53,86.06,95.16,Better Than National Rate,-,6,178,3.37,3.72,2.68,5.26,Same As National Rate,-,14,172,8.14,8.50,5.72,11.76,Same As National Rate,-,1.09,-,399
VA,497597,CENTERWELL HOME HEALTH (LYNCHBURG),"20715 TIMBERLAKE ROAD, SUITE 106",LYNCHBURG,24502,5405866765,PROPRIETARY,Yes,Yes,Yes,Yes,Yes,Yes,03/31/2005,5,-,784,785,99.9,-,278,499,55.7,-,532,547,98.8,-,537,547,98.5,-,537,547,98.4,-,551,559,95.7,-,528,544,100.0,-,1,594,0.0,-,765,786,97.3,-,5,777,0.6,-,335,538,62.27,-,36,38,94.74,-,526,556,94.60,-,507,723,70.12,78.72,76.00,81.89,Same As National Rate,-,15,264,5.68,4.48,3.32,6.06,Same As National Rate,-,38,353,10.76,9.27,7.17,12.35,Same As National Rate,-,0.96,-,"1,380"
VA,497598,ENHABIT HOME HEALTH,"34 MEDICAL PARK BOULEVARD, SUITE GH",PETERSBURG,23805,8045416224,PROPRIETARY,Yes,Yes,Yes,Yes,Yes,Yes,07/12/2005,2,-,451,503,89.7,-,188,309,60.8,-,275,342,80.0,-,273,336,81.3,-,282,345,82.7,-,174,233,77.5,-,281,335,82.4,-,0,354,0.0,-,493,503,98.0,-,4,502,0.8,-,248,341,72.73,-,-,-,-,The number of patient episodes for this measure is too small to report.,333,341,97.65,-,432,590,73.22,77.36,74.37,79.87,Same As National Rate,-,20,435,4.60,4.15,3.15,5.48,Same As National Rate,-,27,217,12.44,11.62,9.06,15.36,Same As National Rate,-,0.99,-,"1,027"
VA,497599,HEAVEN'S TOUCH NURSING SERVICES LLC,7124 FOREST HILL AVE SUITE C,RICHMOND,23225,8043776966,PROPRIETARY,Yes,Yes,Yes,No,No,Yes,06/29/2005,-,The number of patient episodes for this measure is too small to report.,-,-,-,This measure currently does not have data or provider has been certified/recertified for less than 6 months.,-,-,-,This measure currently does not have data or provider has been certified/recertified for less than 6 months.,-,-,-,This measure currently does not have data or provider has been certified/recertified for less than 6 months.,-,-,-,This measure currently does not have data or provider has been certified/recertified for less than 6 months.,-,-,-,This measure currently does not have data or provider has been certified/recertified for less than 6 months.,-,-,-,This measure currently does not have data or provider has been certified/recertified for less than 6 months.,-,-,-,This measure currently does not have data or provider has been certified/recertified for less than 6 months.,-,-,-,This measure currently does not have data or provider has been certified/recertified for less than 6 months.,-,-,-,This measure currently does not have data or provider has been certified/recertified for less than 6 months.,-,-,-,This measure currently does not have data or provider has been certified/recertified for less than 6 months.,-,-,-,This measure currently does not have data or provider has been certified/recertified for less than 6 months.,-,-,-,This measure currently does not have data or provider has been certified/recertified for less than 6 months.,-,-,-,This measure currently does not have data or provider has been certified/recertified for less than 6 months.,6,65,9.23,15.59,10.20,27.18,Worse Than National Rate,-,-,2,-,-,-,-,Not Available,The number of patient episodes for this measure is too small to report.,-,3,-,-,-,-,Not Available,The number of patient episodes for this measure is too small to report.,0.39,-,178
VA,497600,AT HOME CARE,366 MCLAWS CIRCLE SUITE 2B,WILLIAMSBURG,23185,7572202112,PROPRIETARY,Yes,Yes,Yes,Yes,Yes,Yes,06/07/2005,3.5,-,412,418,98.6,-,146,281,52.0,-,296,324,88.5,-,305,323,90.9,-,301,324,91.2,-,246,260,92.8,-,285,322,85.7,-,4,345,1.2,-,392,418,93.8,-,3,406,0.7,-,257,320,80.31,-,65,88,73.86,-,212,257,82.49,-,599,709,84.49,84.32,81.53,86.63,Better Than National Rate,-,10,438,2.28,3.59,2.60,4.95,Same As National Rate,-,16,266,6.02,7.70,5.38,10.74,Same As National Rate,-,0.90,-,"1,043"
VA,497602,SPECIAL CARE HOME HEALTH,18334 RIVERSIDE DRIVE,GRUNDY,24614,2769356655,PROPRIETARY,Yes,Yes,Yes,Yes,No,Yes,07/21/2005,-,The number of patient episodes for this measure is too small to report.,74,80,92.5,-,35,52,67.3,-,27,31,100.0,-,-,-,-,The number of patient episodes for this measure is too small to report.,29,30,100.0,-,-,-,-,The number of patient episodes for this measure is too small to report.,-,-,-,The number of patient episodes for this measure is too small to report.,0,41,0.0,-,67,80,83.8,-,1,80,1.3,-,11,35,31.43,-,-,-,-,The number of patient episodes for this measure is too small to report.,33,35,94.29,-,27,323,8.36,9.96,6.81,13.65,Worse Than National Rate,-,-,17,-,-,-,-,Not Available,The number of patient episodes for this measure is too small to report.,4,108,3.70,6.68,4.29,11.00,Same As National Rate,-,1.00,-,320
VA,497603,INTERIM HEALTHCARE OF CEDAR BLUFF,2703 STEELSBURG HWY SUITE 3,CEDAR BLUFF,24609,2765969019,PROPRIETARY,Yes,Yes,Yes,Yes,Yes,Yes,11/04/2005,2.5,-,819,823,99.5,-,277,524,52.9,-,450,566,82.0,-,379,569,73.1,-,461,570,81.6,-,316,417,79.1,-,310,526,61.0,-,0,579,0.0,-,809,823,98.3,-,11,821,1.3,-,233,559,41.68,-,39,46,84.78,-,420,533,78.80,-,261,394,66.24,69.41,64.53,74.67,Worse Than National Rate,-,11,177,6.21,4.41,3.28,5.94,Same As National Rate,-,23,199,11.56,11.03,7.64,15.48,Same As National Rate,-,0.91,-,767
VA,497604,CC HOME CARE OF VIRGINIA,4547 EMPIRE COURT,FREDERICKSBURG,22408,5408982999,PROPRIETARY,Yes,Yes,Yes,Yes,Yes,Yes,11/17/2005,2.5,-,40,45,88.9,-,19,36,52.8,-,12,21,74.7,-,14,21,83.4,-,17,21,92.3,-,-,-,-,The number of patient episodes for this measure is too small to report.,-,-,-,The number of patient episodes for this measure is too small to report.,0,21,0.0,-,40,45,88.9,-,1,45,2.2,-,-,-,-,The number of patient episodes for this measure is too small to report.,-,-,-,The number of patient episodes for this measure is too small to report.,-,-,-,The number of patient episodes for this measure is too small to report.,37,68,54.41,60.27,49.18,71.44,Worse Than National Rate,-,1,26,3.85,3.85,2.56,5.53,Same As National Rate,-,7,35,20.00,12.75,7.28,20.74,Same As National Rate,-,1.08,-,177
VA,497605,VIRGINIA HEALTHCARE SERVICES,"7010 LITTLE RIVER TURNPIKE, SUITE 400",ANNANDALE,22003,7033335288,PROPRIETARY,Yes,Yes,Yes,Yes,Yes,Yes,12/20/2005,3.5,-,"1,638","1,638",100.0,-,879,"1,044",84.2,-,"1,106","1,265",84.5,-,"1,085","1,264",85.4,-,"1,086","1,269",86.0,-,642,789,83.8,-,"1,058","1,258",79.6,-,3,"1,300",0.3,-,"1,619","1,638",98.8,-,7,"1,638",0.4,-,944,"1,280",73.75,-,115,171,67.25,-,"1,051","1,120",93.84,-,154,208,74.04,74.27,68.35,79.40,Same As National Rate,-,4,88,4.55,4.03,2.80,5.83,Same As National Rate,-,5,97,5.15,8.41,5.06,13.16,Same As National Rate,-,0.83,-,431
VA,497607,BAYADA HOME HEALTH CARE - YORKTOWN,111 CYBERNETICS WAY SUITE 208,YORKTOWN,23693,7575655400,NON-PROFIT,Yes,Yes,Yes,Yes,Yes,Yes,02/02/2006,5,-,907,910,99.7,-,518,604,85.8,-,511,551,97.5,-,515,551,95.0,-,512,551,100.0,-,611,630,96.0,-,445,548,100.0,-,2,725,0.1,-,876,910,96.3,-,22,885,2.5,-,253,550,46.00,-,45,46,97.83,-,673,679,99.12,-,592,742,79.78,85.96,83.16,88.47,Better Than National Rate,-,9,241,3.73,3.93,2.65,5.64,Same As National Rate,-,48,451,10.64,10.72,8.32,13.24,Same As National Rate,-,1.08,-,"1,167"
VA,497608,ENHABIT HOME HEALTH (ROANOKE),6701 PETERS CREEK ROAD SUITE 100 & 101,ROANOKE,24019,5407744970,PROPRIETARY,Yes,Yes,Yes,Yes,Yes,Yes,03/09/2006,3,-,"1,369","1,465",93.4,-,619,922,67.1,-,"1,005","1,113",86.7,-,"1,023","1,113",89.5,-,"1,025","1,112",88.9,-,"1,054","1,155",85.8,-,"1,012","1,102",89.5,-,3,"1,200",0.2,-,"1,419","1,465",96.9,-,24,"1,454",1.7,-,805,"1,114",72.26,-,73,77,94.81,-,"1,053","1,123",93.77,-,"1,161","1,459",79.58,87.35,85.33,89.07,Better Than National Rate,-,26,667,3.90,4.03,3.18,5.23,Same As National Rate,-,71,833,8.52,8.55,6.73,10.54,Same As National Rate,-,0.98,-,"2,125"
VA,497611,ULTRA HEALTH HOME CARE,"113 SHORT ST., STE 7",POUNDING MILL,24637,2765969536,PROPRIETARY,Yes,Yes,Yes,Yes,Yes,Yes,07/13/2006,3,-,498,519,96.0,-,217,327,66.4,-,304,348,85.8,-,295,348,89.2,-,305,348,90.6,-,234,269,87.5,-,270,343,76.4,-,2,358,0.3,-,513,519,98.8,-,4,516,0.8,-,248,346,71.68,-,35,56,62.50,-,208,302,68.87,-,64,121,52.89,56.89,47.28,65.16,Worse Than National Rate,-,0,26,0.00,3.73,2.55,5.23,Same As National Rate,-,13,78,16.67,13.76,9.26,20.80,Same As National Rate,-,0.98,-,248
VA,497616,HOME RECOVERY,6225 BRANDON AVE SUITE 440B,SPRINGFIELD,22150,7034811919,PROPRIETARY,Yes,Yes,Yes,Yes,Yes,Yes,10/24/2006,-,The number of patient episodes for this measure is too small to report.,-,-,-,The number of patient episodes for this measure is too small to report.,-,-,-,The number of patient episodes for this measure is too small to report.,-,-,-,The number of patient episodes for this measure is too small to report.,-,-,-,The number of patient episodes for this measure is too small to report.,-,-,-,The number of patient episodes for this measure is too small to report.,-,-,-,The number of patient episodes for this measure is too small to report.,-,-,-,The number of patient episodes for this measure is too small to report.,-,-,-,The number of patient episodes for this measure is too small to report.,-,-,-,The number of patient episodes for this measure is too small to report.,-,-,-,The number of patient episodes for this measure is too small to report.,-,-,-,The number of patient episodes for this measure is too small to report.,-,-,-,This measure currently does not have data or provider has been certified/recertified for less than 6 months.,-,-,-,The number of patient episodes for this measure is too small to report.,-,2,-,-,-,-,Not Available,The number of patient episodes for this measure is too small to report.,-,4,-,-,-,-,Not Available,The number of patient episodes for this measure is too small to report.,-,-,-,-,-,-,-,This measure currently does not have data or provider has been certified/recertified for less than 6 months.,-,The number of patient episodes for this measure is too small to report.,2
VA,497617,GENERATIONS HOME HEALTH,6477 COLLEGE PARK SQUARE - SUITE 210,VIRGINIA BEACH,23464,7578226991,PROPRIETARY,Yes,Yes,Yes,Yes,Yes,Yes,11/17/2006,3.5,-,542,569,95.3,-,241,398,60.6,-,340,378,89.7,-,330,378,87.2,-,337,378,89.6,-,355,382,91.8,-,331,374,89.8,-,1,420,0.0,-,498,570,87.4,-,5,561,0.9,-,243,380,63.95,-,26,26,100.00,-,388,394,98.48,-,510,601,84.86,87.70,84.84,90.52,Better Than National Rate,-,23,534,4.31,4.31,3.20,5.65,Same As National Rate,-,20,291,6.87,7.06,4.78,10.18,Same As National Rate,-,0.86,-,918
VA,497621,"HELPING HANDS HOME HEALTH CARE,INC","113 SHORT STREET, SUITE 7",POUNDING MILL,24637,2769644313,PROPRIETARY,Yes,Yes,Yes,Yes,Yes,Yes,02/22/2007,3.5,-,173,175,98.9,-,44,111,39.6,-,77,102,92.2,-,67,102,85.4,-,84,101,90.9,-,76,91,86.5,-,53,66,93.6,-,1,103,1.0,-,172,175,98.3,-,1,175,0.6,-,69,98,70.41,-,-,-,-,The number of patient episodes for this measure is too small to report.,77,92,83.70,-,86,147,58.50,63.49,54.91,69.40,Worse Than National Rate,-,1,55,1.82,3.65,2.62,5.29,Same As National Rate,-,11,59,18.64,12.50,7.89,17.94,Same As National Rate,-,0.94,-,424
VA,497625,HCA VIRGINIA HEALTHCARE AT HOME,300 ARBORETUM PLACE,NORTH CHESTERFIELD,23236,8043305544,PROPRIETARY,Yes,Yes,Yes,Yes,Yes,Yes,05/15/2007,3,-,"1,183","1,285",92.1,-,532,787,67.6,-,871,934,89.0,-,855,933,87.3,-,860,936,87.9,-,784,840,91.5,-,827,912,85.1,-,0,945,0.0,-,"1,145","1,285",89.1,-,5,"1,175",0.4,-,688,936,73.50,-,13,27,48.15,-,845,918,92.05,-,670,899,74.53,78.53,75.53,80.57,Same As National Rate,-,15,533,2.81,3.56,2.56,4.85,Same As National Rate,-,62,529,11.72,10.70,8.59,13.31,Same As National Rate,-,0.96,-,"1,070"
VA,497626,"SHEME HOME HEALTHCARE AGENCY, INC","4024 WILLIAMSBURG CT, FIRST FLOOR",FAIRFAX,22032,7032780081,PROPRIETARY,Yes,Yes,Yes,Yes,Yes,Yes,05/17/2007,3,-,95,96,99.0,-,64,65,98.5,-,45,64,75.7,-,48,64,80.8,-,50,64,85.1,-,47,54,91.1,-,38,61,76.8,-,0,65,0.0,-,96,96,100.0,-,1,96,1.0,-,26,62,41.94,-,20,24,83.33,-,37,41,90.24,-,78,105,74.29,74.68,66.61,80.34,Same As National Rate,-,0,21,0.00,3.75,2.47,5.52,Same As National Rate,-,4,61,6.56,9.31,4.52,14.86,Same As National Rate,-,0.90,-,335
VA,497631,BLUESUMMIT NOVA,"44121 HARRY BYRD HIGHWAY, SUITE 180",ASHBURN,20147,7038589282,PROPRIETARY,Yes,Yes,Yes,No,No,No,10/18/2007,3.5,-,53,54,98.1,-,23,37,62.2,-,27,36,78.1,-,29,34,87.9,-,33,37,93.5,-,-,-,-,The number of patient episodes for this measure is too small to report.,23,30,84.2,-,0,39,0.0,-,51,54,94.4,-,0,54,0.0,-,22,38,57.89,-,-,-,-,The number of patient episodes for this measure is too small to report.,27,32,84.38,-,63,84,75.00,76.14,69.55,83.50,Same As National Rate,-,0,54,0.00,3.55,2.53,5.08,Same As National Rate,-,2,25,8.00,9.69,5.49,17.08,Same As National Rate,-,0.81,-,143
VA,497636,"PAVILION MEDICAL HOME CARE & STAFFING, LLC","4115 ANNANDALE ROAD, SUITE 202",ANNANDALE,22003,7032999898,PROPRIETARY,Yes,Yes,Yes,Yes,Yes,Yes,04/01/2008,4,-,271,302,89.7,-,130,161,80.7,-,211,232,91.5,-,193,230,85.4,-,205,230,91.4,-,183,186,98.7,-,205,223,93.6,-,0,236,0.0,-,271,305,88.9,-,0,305,0.0,-,152,234,64.96,-,62,102,60.78,-,62,134,46.27,-,337,474,71.10,77.95,74.16,81.95,Same As National Rate,-,20,316,6.33,4.56,3.39,5.93,Same As National Rate,-,20,222,9.01,8.71,6.00,12.11,Same As National Rate,-,0.93,-,746
VA,497638,REVIVAL HOMECARE AGENCY,5101C BACKLICK ROAD,ANNANDALE,22003,7033416670,PROPRIETARY,Yes,Yes,Yes,Yes,Yes,Yes,09/16/2008,3.5,-,262,301,87.0,-,155,170,91.2,-,223,238,92.4,-,216,237,88.3,-,222,239,92.3,-,220,228,93.9,-,214,238,89.5,-,0,244,0.0,-,296,301,98.3,-,1,299,0.3,-,150,238,63.03,-,55,71,77.46,-,148,173,85.55,-,182,235,77.45,80.90,76.34,85.53,Better Than National Rate,-,2,123,1.63,3.65,2.48,5.38,Same As National Rate,-,6,76,7.89,9.23,5.29,14.24,Same As National Rate,-,0.91,-,407
VA,497642,HUMAN TOUCH HOME HEALTH,"2401 SOUTH MAIN STREET, SUITE K",BLACKSBURG,24060,7035310540,PROPRIETARY,Yes,Yes,Yes,Yes,Yes,Yes,10/10/2008,2.5,-,80,81,98.8,-,33,44,75.0,-,49,60,78.5,-,50,60,78.5,-,48,60,78.9,-,33,42,79.1,-,54,58,87.0,-,0,61,0.0,-,81,81,100.0,-,1,81,1.2,-,32,60,53.33,-,-,-,-,The number of patient episodes for this measure is too small to report.,32,54,59.26,-,-,18,-,-,-,-,Not Available,The number of patient episodes for this measure is too small to report.,-,10,-,-,-,-,Not Available,The number of patient episodes for this measure is too small to report.,-,8,-,-,-,-,Not Available,The number of patient episodes for this measure is too small to report.,0.76,-,33
VA,497643,BLUE RIDGE HOME HEALTH CARE,28 SHADE TREE LANE,GALAX,24333,2762361974,PROPRIETARY,Yes,Yes,Yes,Yes,Yes,Yes,01/14/2009,1.5,-,"1,157","1,285",90.0,-,374,941,39.7,-,344,707,64.6,-,351,691,65.1,-,369,720,60.8,-,240,513,57.0,-,219,471,58.0,-,0,798,0.0,-,971,"1,285",75.6,-,23,"1,271",1.8,-,359,732,49.04,-,44,94,46.81,-,322,704,45.74,-,413,654,63.15,65.03,61.17,68.68,Worse Than National Rate,-,5,239,2.09,3.49,2.53,5.07,Same As National Rate,-,48,383,12.53,13.91,10.83,18.00,Worse Than National Rate,-,0.94,-,"2,658"
VA,497644,ENHABIT HOME HEALTH (VA BEACH),"5029 CORPORATE WOODS DR, SUITE C100",VIRGINIA BEACH,23462,7572267560,PROPRIETARY,Yes,Yes,Yes,Yes,Yes,Yes,11/22/2008,2.5,-,"2,108","2,693",78.3,-,802,"1,728",46.4,-,"1,627","2,065",78.0,-,"1,736","2,065",84.6,-,"1,780","2,072",84.9,-,"1,418","1,826",77.9,-,"1,613","2,064",79.8,-,4,"2,258",0.1,-,"2,619","2,694",97.2,-,23,"2,657",0.9,-,"1,355","2,053",66.00,-,195,295,66.10,-,"1,647","1,963",83.90,-,"2,549","3,116",81.80,82.27,80.99,83.51,Better Than National Rate,-,32,"1,275",2.51,3.47,2.73,4.36,Same As National Rate,-,112,"1,479",7.57,9.40,7.86,10.89,Same As National Rate,-,0.88,-,"4,807"
VA,497646,AMEDISYS HOME HEALTH CARE,"729 RICHMOND AVENUE, SUITE B",STAUNTON,24401,5408862970,PROPRIETARY,Yes,Yes,Yes,Yes,No,No,03/05/2009,4.5,-,"1,569","1,571",99.9,-,727,"1,004",72.4,-,"1,077","1,102",93.0,-,"1,086","1,102",93.4,-,"1,077","1,102",93.4,-,"1,089","1,097",94.4,-,"1,074","1,099",91.5,-,2,"1,146",0.2,-,"1,551","1,571",98.7,-,19,"1,571",1.2,-,834,"1,093",76.30,-,39,42,92.86,-,962,"1,104",87.14,-,"1,438","1,889",76.12,85.09,83.16,86.64,Better Than National Rate,-,26,"1,166",2.23,2.96,2.27,3.75,Better Than National Rate,-,124,"1,022",12.13,10.79,9.54,12.27,Same As National Rate,-,1.01,-,"3,252"
VA,497649,GOODHEART HOME HEALTHCARE SERVICES,5411A BACKLICK RD,SPRINGFIELD,22151,7032564920,PROPRIETARY,Yes,Yes,Yes,Yes,Yes,Yes,08/03/2009,3,-,242,244,99.2,-,136,151,90.1,-,120,172,80.1,-,132,171,86.6,-,121,171,83.3,-,122,133,99.6,-,88,170,75.1,-,1,186,0.2,-,244,245,99.6,-,4,245,1.6,-,91,170,53.53,-,28,82,34.15,-,91,104,87.50,-,278,417,66.67,67.94,63.05,72.41,Worse Than National Rate,-,1,65,1.54,3.73,2.66,5.32,Same As National Rate,-,23,237,9.70,10.82,7.72,14.11,Same As National Rate,-,0.94,-,709
VA,497653,ENHABIT HOME HEALTH (RICHMOND),"1606 SANTA ROSA ROAD, SUITE 134",RICHMOND,23229,8045624252,PROPRIETARY,Yes,Yes,Yes,Yes,Yes,No,12/05/2009,2,-,773,"1,013",76.3,-,431,618,69.7,-,535,706,75.7,-,582,699,83.2,-,557,708,79.9,-,473,652,73.5,-,525,701,77.9,-,2,799,0.2,-,997,"1,013",98.4,-,20,995,2.0,-,454,706,64.31,-,78,89,87.64,-,599,710,84.37,-,"1,528","1,958",78.04,81.11,79.30,82.90,Better Than National Rate,-,30,"1,062",2.82,3.52,2.84,4.42,Same As National Rate,-,54,748,7.22,8.85,7.02,11.37,Same As National Rate,-,0.96,-,"2,930"
VA,497654,NIGHTINGALE HOME HEALTH SERVICE,"2005 OLD GREENBRIER ROAD, SUITE 107",CHESAPEAKE,23320,7579657680,PROPRIETARY,Yes,Yes,Yes,No,No,Yes,03/02/2010,-,The number of patient episodes for this measure is too small to report.,-,-,-,The number of patient episodes for this measure is too small to report.,-,-,-,The number of patient episodes for this measure is too small to report.,-,-,-,The number of patient episodes for this measure is too small to report.,-,-,-,The number of patient episodes for this measure is too small to report.,-,-,-,The number of patient episodes for this measure is too small to report.,-,-,-,The number of patient episodes for this measure is too small to report.,-,-,-,The number of patient episodes for this measure is too small to report.,-,-,-,The number of patient episodes for this measure is too small to report.,-,-,-,The number of patient episodes for this measure is too small to report.,-,-,-,The number of patient episodes for this measure is too small to report.,-,-,-,The number of patient episodes for this measure is too small to report.,-,-,-,This measure currently does not have data or provider has been certified/recertified for less than 6 months.,-,-,-,The number of patient episodes for this measure is too small to report.,10,53,18.87,25.21,16.66,38.63,Worse Than National Rate,-,-,-,-,-,-,-,-,This measure currently does not have data or provider has been certified/recertified for less than 6 months.,-,17,-,-,-,-,Not Available,The number of patient episodes for this measure is too small to report.,0.67,-,123
VA,497656,PRO HEALTHCARE SERVICING LLC,8315 LEE HIGHWAY - SUITE 202,FAIRFAX,22031,7033521939,PROPRIETARY,Yes,Yes,Yes,Yes,Yes,Yes,05/26/2010,2,-,310,317,97.8,-,170,243,70.0,-,114,186,70.1,-,142,185,79.8,-,141,186,82.2,-,99,162,65.9,-,69,163,62.6,-,4,220,1.3,-,292,317,92.1,-,12,312,3.8,-,93,167,55.69,-,36,60,60.00,-,112,160,70.00,-,266,483,55.07,61.21,56.59,66.56,Worse Than National Rate,-,5,192,2.60,3.56,2.42,5.14,Same As National Rate,-,35,234,14.96,12.71,10.02,16.95,Worse Than National Rate,-,1.08,-,"1,383"
VA,497661,HOME RECOVERY HOMEAID,620 MOOREFIELD PARK DR - SUITE 112,NORTH CHESTERFIELD,23236,8044416262,PROPRIETARY,Yes,Yes,Yes,Yes,Yes,Yes,11/13/2010,-,The number of patient episodes for this measure is too small to report.,-,-,-,The number of patient episodes for this measure is too small to report.,-,-,-,The number of patient episodes for this measure is too small to report.,-,-,-,The number of patient episodes for this measure is too small to report.,-,-,-,The number of patient episodes for this measure is too small to report.,-,-,-,The number of patient episodes for this measure is too small to report.,-,-,-,The number of patient episodes for this measure is too small to report.,-,-,-,The number of patient episodes for this measure is too small to report.,-,-,-,The number of patient episodes for this measure is too small to report.,-,-,-,The number of patient episodes for this measure is too small to report.,-,-,-,The number of patient episodes for this measure is too small to report.,-,-,-,The number of patient episodes for this measure is too small to report.,-,-,-,This measure currently does not have data or provider has been certified/recertified for less than 6 months.,-,-,-,The number of patient episodes for this measure is too small to report.,34,38,89.47,88.79,79.11,95.02,Better Than National Rate,-,1,34,2.94,3.86,2.52,5.75,Same As National Rate,-,-,13,-,-,-,-,Not Available,The number of patient episodes for this measure is too small to report.,0.61,-,38
VA,497662,GOODWIN HOME HEALTH,3440 S JEFFERSON STREET,FALLS CHURCH,22041,7038241390,NON-PROFIT,Yes,Yes,Yes,Yes,Yes,Yes,10/12/2010,3.5,-,872,876,99.5,-,476,510,93.3,-,600,677,87.4,-,610,677,88.7,-,616,677,91.6,-,621,673,90.4,-,557,669,84.1,-,1,692,0.0,-,874,876,99.8,-,8,876,0.9,-,445,676,65.83,-,-,-,-,The number of patient episodes for this measure is too small to report.,678,679,99.85,-,833,"1,047",79.56,84.36,82.21,86.16,Better Than National Rate,-,18,500,3.60,3.96,2.98,5.21,Same As National Rate,-,67,605,11.07,11.63,9.18,14.10,Same As National Rate,-,0.95,-,"1,474"
VA,497663,"DIVINE HOME CARE, INC",1283 EAST MAIN STREET,LEBANON,24266,2764159888,PROPRIETARY,Yes,Yes,Yes,Yes,No,Yes,11/17/2010,4,-,243,261,93.1,-,87,154,56.5,-,114,132,100.0,-,103,134,100.0,-,125,137,97.3,-,124,128,100.0,-,52,83,81.1,-,0,140,0.0,-,259,261,99.2,-,3,261,1.1,-,59,136,43.38,-,-,-,-,The number of patient episodes for this measure is too small to report.,35,137,25.55,-,77,136,56.62,60.58,52.21,66.65,Worse Than National Rate,-,3,66,4.55,3.86,2.77,5.51,Same As National Rate,-,14,53,26.42,17.86,12.05,26.35,Worse Than National Rate,-,0.93,-,490
VA,497665,WESTMINSTER AT HOME (HOME HEALTH),3311 OLD FOREST ROAD 201,LYNCHBURG,24501,4343863800,NON-PROFIT,Yes,Yes,Yes,Yes,Yes,Yes,10/15/2010,4,-,268,268,100.0,-,133,165,80.6,-,180,208,87.2,-,176,206,86.4,-,182,209,88.9,-,114,128,93.3,-,145,204,74.6,-,2,213,1.0,-,253,268,94.4,-,4,253,1.6,-,152,209,72.73,-,57,61,93.44,-,128,152,84.21,-,209,258,81.01,83.24,78.59,88.12,Better Than National Rate,-,7,168,4.17,4.08,2.90,5.43,Same As National Rate,-,5,180,2.78,5.22,3.11,8.18,Better Than National Rate,-,0.89,-,360
VA,497666,CARING TOUCH HOME HEALTH INC,8008 MAIN STREET,POUND,24279,2767964586,PROPRIETARY,Yes,Yes,Yes,Yes,No,Yes,01/21/2011,-,The number of patient episodes for this measure is too small to report.,-,-,-,The number of patient episodes for this measure is too small to report.,-,-,-,The number of patient episodes for this measure is too small to report.,-,-,-,The number of patient episodes for this measure is too small to report.,-,-,-,This measure currently does not have data or provider has been certified/recertified for less than 6 months.,-,-,-,The number of patient episodes for this measure is too small to report.,-,-,-,The number of patient episodes for this measure is too small to report.,-,-,-,The number of patient episodes for this measure is too small to report.,-,-,-,The number of patient episodes for this measure is too small to report.,-,-,-,The number of patient episodes for this measure is too small to report.,-,-,-,The number of patient episodes for this measure is too small to report.,-,-,-,The number of patient episodes for this measure is too small to report.,-,-,-,This measure currently does not have data or provider has been certified/recertified for less than 6 months.,-,-,-,The number of patient episodes for this measure is too small to report.,-,1,-,-,-,-,Not Available,The number of patient episodes for this measure is too small to report.,-,-,-,-,-,-,-,This measure currently does not have data or provider has been certified/recertified for less than 6 months.,-,-,-,-,-,-,-,This measure currently does not have data or provider has been certified/recertified for less than 6 months.,-,This measure currently does not have data or provider has been certified/recertified for less than 6 months.,-
VA,497668,AVEANNA HOME HEALTH,130 CREEKSIDE LANE,WINCHESTER,22602,7036727370,PROPRIETARY,Yes,Yes,Yes,Yes,Yes,Yes,03/15/2011,3.5,-,538,539,99.8,-,308,376,81.9,-,313,349,88.8,-,316,348,88.6,-,312,349,88.6,-,307,346,86.3,-,286,346,83.4,-,2,379,0.4,-,523,539,97.0,-,6,414,1.4,-,233,347,67.15,-,49,76,64.47,-,286,303,94.39,-,346,507,68.24,73.38,69.09,76.62,Same As National Rate,-,9,244,3.69,3.83,2.86,5.28,Same As National Rate,-,28,279,10.04,9.50,6.79,12.47,Same As National Rate,-,0.98,-,981
VA,497669,LYNHILL HOME HEALTH,1545 CROSSWAYS BLVD STE 250,CHESAPEAKE,23320,5404798333,PROPRIETARY,Yes,Yes,Yes,Yes,Yes,Yes,03/15/2011,-,The number of patient episodes for this measure is too small to report.,-,-,-,The number of patient episodes for this measure is too small to report.,-,-,-,This measure currently does not have data or provider has been certified/recertified for less than 6 months.,-,-,-,The number of patient episodes for this measure is too small to report.,-,-,-,The number of patient episodes for this measure is too small to report.,-,-,-,The number of patient episodes for this measure is too small to report.,-,-,-,The number of patient episodes for this measure is too small to report.,-,-,-,The number of patient episodes for this measure is too small to report.,-,-,-,The number of patient episodes for this measure is too small to report.,-,-,-,The number of patient episodes for this measure is too small to report.,-,-,-,The number of patient episodes for this measure is too small to report.,-,-,-,The number of patient episodes for this measure is too small to report.,-,-,-,The number of patient episodes for this measure is too small to report.,-,-,-,The number of patient episodes for this measure is too small to report.,20,22,90.91,81.80,64.20,90.28,Same As National Rate,-,-,7,-,-,-,-,Not Available,The number of patient episodes for this measure is too small to report.,-,14,-,-,-,-,Not Available,The number of patient episodes for this measure is too small to report.,0.95,-,37
VA,497673,"NORVA HOME HEALTH CARE, LLC","1041 STERLING ROAD, SUITE 105",HERNDON,20170,7039557417,PROPRIETARY,Yes,Yes,Yes,Yes,Yes,Yes,09/28/2011,-,The number of patient episodes for this measure is too small to report.,-,-,-,The number of patient episodes for this measure is too small to report.,-,-,-,The number of patient episodes for this measure is too small to report.,-,-,-,The number of patient episodes for this measure is too small to report.,-,-,-,The number of patient episodes for this measure is too small to report.,-,-,-,The number of patient episodes for this measure is too small to report.,-,-,-,The number of patient episodes for this measure is too small to report.,-,-,-,The number of patient episodes for this measure is too small to report.,-,-,-,The number of patient episodes for this measure is too small to report.,-,-,-,The number of patient episodes for this measure is too small to report.,-,-,-,The number of patient episodes for this measure is too small to report.,-,-,-,The number of patient episodes for this measure is too small to report.,-,-,-,The number of patient episodes for this measure is too small to report.,-,-,-,The number of patient episodes for this measure is too small to report.,-,13,-,-,-,-,Not Available,The number of patient episodes for this measure is too small to report.,-,6,-,-,-,-,Not Available,The number of patient episodes for this measure is too small to report.,-,9,-,-,-,-,Not Available,The number of patient episodes for this measure is too small to report.,0.77,-,29
VA,497674,"DOMAIN MEDICAL HOME HEALTH & STAFFING, INC",2121 EISENHOWER AVE SUITE 200,ALEXANDRIA,22314,7032994949,PROPRIETARY,Yes,Yes,Yes,Yes,Yes,Yes,09/28/2011,3.5,-,115,125,92.0,-,73,88,83.0,-,76,93,90.1,-,78,96,86.3,-,80,95,89.6,-,42,46,97.8,-,70,83,91.1,-,0,101,0.0,-,111,125,88.8,-,0,125,0.0,-,59,98,60.20,-,15,33,45.45,-,48,66,72.73,-,225,296,76.01,77.86,72.55,81.74,Same As National Rate,-,2,92,2.17,3.73,2.54,5.41,Same As National Rate,-,12,160,7.50,8.56,5.84,13.37,Same As National Rate,-,0.93,-,389
VA,497675,SENTARA HOME CARE SERVICES,3800 FETTLER PARK DRIVE - SUITE 102,DUMFRIES,22026,5716590687,NON-PROFIT,Yes,Yes,Yes,Yes,Yes,Yes,08/25/2011,2.5,-,616,"1,092",56.4,-,455,718,63.4,-,598,766,76.0,-,648,766,84.3,-,619,767,80.0,-,664,742,85.9,-,586,764,76.4,-,5,796,0.3,-,"1,074","1,100",97.6,-,9,"1,097",0.8,-,479,764,62.70,-,79,96,82.29,-,673,700,96.14,-,765,"1,002",76.35,86.81,83.59,89.70,Better Than National Rate,-,47,781,6.02,4.37,3.54,5.60,Same As National Rate,-,45,531,8.47,6.69,5.07,8.96,Better Than National Rate,-,0.96,-,"1,456"
VA,497677,VIRGINIA HEALTH HOME CARE,1104 WILLIAM STYRON SQUARE SOUTH,NEWPORT NEWS,23606,7575349222,PROPRIETARY,Yes,Yes,Yes,Yes,Yes,Yes,02/15/2012,2.5,-,893,910,98.1,-,513,566,90.6,-,570,711,79.4,-,542,705,78.9,-,530,708,76.9,-,508,596,85.8,-,484,692,72.7,-,2,720,0.2,-,900,911,98.8,-,14,910,1.5,-,517,710,72.82,-,30,44,68.18,-,635,676,93.93,-,742,979,75.79,83.79,81.74,86.67,Better Than National Rate,-,21,369,5.69,4.50,3.29,5.93,Same As National Rate,-,43,527,8.16,7.82,5.86,9.73,Better Than National Rate,-,0.95,-,"1,256"
VA,497678,FIVE STAR HOME HEALTH CARE,"14900 BOGLE DRIVE, SUITE 310",CHANTILLY,20151,7036614555,PROPRIETARY,Yes,Yes,Yes,Yes,Yes,Yes,03/20/2012,4,-,"1,366","1,388",98.4,-,621,864,71.9,-,834,896,90.4,-,840,893,91.5,-,845,896,91.5,-,814,874,90.7,-,808,873,88.3,-,3,924,0.2,-,"1,335","1,388",96.2,-,15,"1,368",1.1,-,539,894,60.29,-,89,99,89.90,-,797,825,96.61,-,"1,105","1,427",77.44,83.50,81.31,85.78,Better Than National Rate,-,49,928,5.28,4.67,3.80,5.83,Same As National Rate,-,85,806,10.55,9.00,7.70,10.64,Same As National Rate,-,1.01,-,"1,977"
VA,497682,"WESTMINSTER-CANTERBURY AT HOME, LLC",3181 SHORE DRIVE,VIRGINIA BEACH,23451,7574961653,NON-PROFIT,Yes,Yes,Yes,Yes,Yes,Yes,03/06/2012,3.5,-,829,873,95.0,-,455,539,84.4,-,536,613,88.0,-,564,613,92.2,-,546,614,90.5,-,542,596,89.1,-,516,613,86.3,-,1,644,0.0,-,818,875,93.5,-,18,853,2.1,-,429,608,70.56,-,133,137,97.08,-,491,507,96.84,-,810,"1,124",72.06,82.76,80.45,85.17,Better Than National Rate,-,78,851,9.17,6.77,5.61,8.10,Worse Than National Rate,-,50,549,9.11,7.79,6.15,9.88,Better Than National Rate,-,0.98,-,"1,650"
VA,497683,MORRISON HOME HEALTH AGENCY,301 GOODE WAY - SUITE 104,PORTSMOUTH,23704,7573931300,PROPRIETARY,Yes,Yes,No,No,Yes,Yes,04/03/2012,-,The number of patient episodes for this measure is too small to report.,-,-,-,This measure currently does not have data or provider has been certified/recertified for less than 6 months.,-,-,-,This measure currently does not have data or provider has been certified/recertified for less than 6 months.,-,-,-,This measure currently does not have data or provider has been certified/recertified for less than 6 months.,-,-,-,This measure currently does not have data or provider has been certified/recertified for less than 6 months.,-,-,-,This measure currently does not have data or provider has been certified/recertified for less than 6 months.,-,-,-,This measure currently does not have data or provider has been certified/recertified for less than 6 months.,-,-,-,This measure currently does not have data or provider has been certified/recertified for less than 6 months.,-,-,-,This measure currently does not have data or provider has been certified/recertified for less than 6 months.,-,-,-,This measure currently does not have data or provider has been certified/recertified for less than 6 months.,-,-,-,This measure currently does not have data or provider has been certified/recertified for less than 6 months.,-,-,-,This measure currently does not have data or provider has been certified/recertified for less than 6 months.,-,-,-,This measure currently does not have data or provider has been certified/recertified for less than 6 months.,-,-,-,This measure currently does not have data or provider has been certified/recertified for less than 6 months.,-,-,-,-,-,-,-,This measure currently does not have data or provider has been certified/recertified for less than 6 months.,-,-,-,-,-,-,-,This measure currently does not have data or provider has been certified/recertified for less than 6 months.,-,-,-,-,-,-,-,This measure currently does not have data or provider has been certified/recertified for less than 6 months.,-,This measure currently does not have data or provider has been certified/recertified for less than 6 months.,-
VA,497685,PATHWELL HOME HEALTH & HOSPICE,118 CREEKSIDE LANE,WINCHESTER,22602,5404508680,PROPRIETARY,Yes,Yes,Yes,Yes,Yes,Yes,06/13/2012,5,-,526,527,99.8,-,222,349,63.6,-,376,402,93.4,-,380,400,96.6,-,384,401,98.2,-,326,333,98.9,-,376,389,98.4,-,2,410,0.3,-,525,527,99.6,-,4,526,0.8,-,253,399,63.41,-,70,77,90.91,-,311,332,93.67,-,206,368,55.98,58.75,54.53,64.65,Worse Than National Rate,-,7,190,3.68,3.79,2.83,5.16,Same As National Rate,-,21,163,12.88,12.78,8.54,16.78,Same As National Rate,-,1.00,-,661
VA,497688,AMERICAN CARE PARTNERS AT HOME INC,"6521 ARLINGTON BOULEVARD, SUITE 410",FALLS CHURCH,22042,7035324357,PROPRIETARY,Yes,Yes,Yes,Yes,Yes,Yes,09/25/2012,3,-,49,53,92.5,-,16,31,51.6,-,32,45,90.5,-,34,45,87.4,-,33,45,85.3,-,20,29,78.5,-,19,38,69.3,-,0,46,0.0,-,48,54,88.9,-,0,54,0.0,-,26,44,59.09,-,21,26,80.77,-,18,20,90.00,-,38,49,77.55,77.87,67.10,87.01,Same As National Rate,-,-,7,-,-,-,-,Not Available,The number of patient episodes for this measure is too small to report.,2,27,7.41,9.10,4.73,15.38,Same As National Rate,-,0.88,-,83
VA,497689,"BEST HEALTH CARE SERVICES, LLC",9306-A OLD KEEN MILL RD,BURKE,22015,7034401131,PROPRIETARY,Yes,Yes,Yes,Yes,Yes,Yes,11/08/2012,-,The number of patient episodes for this measure is too small to report.,28,30,93.3,-,12,22,54.5,-,-,-,-,The number of patient episodes for this measure is too small to report.,-,-,-,The number of patient episodes for this measure is too small to report.,-,-,-,The number of patient episodes for this measure is too small to report.,-,-,-,The number of patient episodes for this measure is too small to report.,-,-,-,The number of patient episodes for this measure is too small to report.,-,-,-,The number of patient episodes for this measure is too small to report.,29,30,96.7,-,1,30,3.3,-,-,-,-,The number of patient episodes for this measure is too small to report.,-,-,-,The number of patient episodes for this measure is too small to report.,-,-,-,The number of patient episodes for this measure is too small to report.,-,18,-,-,-,-,Not Available,The number of patient episodes for this measure is too small to report.,-,7,-,-,-,-,Not Available,The number of patient episodes for this measure is too small to report.,-,12,-,-,-,-,Not Available,The number of patient episodes for this measure is too small to report.,0.97,-,86
VA,497690,"ALL-4 ONE HOME HEALTHCARE SERVICES, INC","1629 SALEM RD, SUITE 101",VIRGINIA BEACH,23456,7579627838,PROPRIETARY,Yes,Yes,Yes,Yes,Yes,Yes,11/20/2012,2.5,-,189,235,80.4,-,129,175,73.7,-,69,118,81.3,-,52,105,70.1,-,78,109,86.0,-,58,73,92.9,-,48,78,82.2,-,0,132,0.0,-,182,246,74.0,-,0,238,0.0,-,41,131,31.30,-,32,42,76.19,-,80,90,88.89,-,18,32,56.25,69.89,54.81,84.09,Same As National Rate,-,-,16,-,-,-,-,Not Available,The number of patient episodes for this measure is too small to report.,-,10,-,-,-,-,Not Available,The number of patient episodes for this measure is too small to report.,1.24,-,84
VA,497692,"AMERICA'S NURSING, INC","4216 EVERGREEN LANE, SUITES 134 & 124",ANNANDALE,22003,7039988900,PROPRIETARY,Yes,Yes,Yes,Yes,No,Yes,11/29/2012,-,The number of patient episodes for this measure is too small to report.,-,-,-,This measure currently does not have data or provider has been certified/recertified for less than 6 months.,-,-,-,This measure currently does not have data or provider has been certified/recertified for less than 6 months.,-,-,-,This measure currently does not have data or provider has been certified/recertified for less than 6 months.,-,-,-,This measure currently does not have data or provider has been certified/recertified for less than 6 months.,-,-,-,This measure currently does not have data or provider has been certified/recertified for less than 6 months.,-,-,-,This measure currently does not have data or provider has been certified/recertified for less than 6 months.,-,-,-,This measure currently does not have data or provider has been certified/recertified for less than 6 months.,-,-,-,This measure currently does not have data or provider has been certified/recertified for less than 6 months.,-,-,-,This measure currently does not have data or provider has been certified/recertified for less than 6 months.,-,-,-,This measure currently does not have data or provider has been certified/recertified for less than 6 months.,-,-,-,This measure currently does not have data or provider has been certified/recertified for less than 6 months.,-,-,-,This measure currently does not have data or provider has been certified/recertified for less than 6 months.,-,-,-,This measure currently does not have data or provider has been certified/recertified for less than 6 months.,-,2,-,-,-,-,Not Available,The number of patient episodes for this measure is too small to report.,-,-,-,-,-,-,-,This measure currently does not have data or provider has been certified/recertified for less than 6 months.,-,-,-,-,-,-,-,This measure currently does not have data or provider has been certified/recertified for less than 6 months.,-,The number of patient episodes for this measure is too small to report.,2
VA,497694,"CAREPEOPLE HOME HEALTH, INC",14631 ROUTE 29 - SUITE 401,CENTREVILLE,20121,5712974747,PROPRIETARY,Yes,Yes,Yes,Yes,Yes,Yes,02/11/2013,-,The number of patient episodes for this measure is too small to report.,-,-,-,This measure currently does not have data or provider has been certified/recertified for less than 6 months.,-,-,-,This measure currently does not have data or provider has been certified/recertified for less than 6 months.,-,-,-,This measure currently does not have data or provider has been certified/recertified for less than 6 months.,-,-,-,This measure currently does not have data or provider has been certified/recertified for less than 6 months.,-,-,-,This measure currently does not have data or provider has been certified/recertified for less than 6 months.,-,-,-,This measure currently does not have data or provider has been certified/recertified for less than 6 months.,-,-,-,This measure currently does not have data or provider has been certified/recertified for less than 6 months.,-,-,-,This measure currently does not have data or provider has been certified/recertified for less than 6 months.,-,-,-,This measure currently does not have data or provider has been certified/recertified for less than 6 months.,-,-,-,This measure currently does not have data or provider has been certified/recertified for less than 6 months.,-,-,-,This measure currently does not have data or provider has been certified/recertified for less than 6 months.,-,-,-,This measure currently does not have data or provider has been certified/recertified for less than 6 months.,-,-,-,This measure currently does not have data or provider has been certified/recertified for less than 6 months.,-,3,-,-,-,-,Not Available,The number of patient episodes for this measure is too small to report.,-,2,-,-,-,-,Not Available,The number of patient episodes for this measure is too small to report.,-,-,-,-,-,-,-,This measure currently does not have data or provider has been certified/recertified for less than 6 months.,-,The number of patient episodes for this measure is too small to report.,10
VA,497695,THE CARDIAC CONNECTION HOME HEALTH CARE,"10109 KRAUSE ROAD, SUITE 203",CHESTERFIELD,23832,8044540854,PROPRIETARY,Yes,Yes,Yes,Yes,Yes,Yes,05/09/2013,-,The number of patient episodes for this measure is too small to report.,-,-,-,This measure currently does not have data or provider has been certified/recertified for less than 6 months.,-,-,-,This measure currently does not have data or provider has been certified/recertified for less than 6 months.,-,-,-,This measure currently does not have data or provider has been certified/recertified for less than 6 months.,-,-,-,This measure currently does not have data or provider has been certified/recertified for less than 6 months.,-,-,-,This measure currently does not have data or provider has been certified/recertified for less than 6 months.,-,-,-,This measure currently does not have data or provider has been certified/recertified for less than 6 months.,-,-,-,This measure currently does not have data or provider has been certified/recertified for less than 6 months.,-,-,-,This measure currently does not have data or provider has been certified/recertified for less than 6 months.,-,-,-,This measure currently does not have data or provider has been certified/recertified for less than 6 months.,-,-,-,This measure currently does not have data or provider has been certified/recertified for less than 6 months.,-,-,-,This measure currently does not have data or provider has been certified/recertified for less than 6 months.,-,-,-,This measure currently does not have data or provider has been certified/recertified for less than 6 months.,-,-,-,This measure currently does not have data or provider has been certified/recertified for less than 6 months.,65,88,73.86,84.53,74.90,92.29,Same As National Rate,-,10,149,6.71,4.24,2.88,5.94,Same As National Rate,-,-,8,-,-,-,-,Not Available,The number of patient episodes for this measure is too small to report.,1.03,-,98
VA,497699,"DIAMOND HOME HEALTHCARE, INC","10511 JUDICIAL DR, STE 120",FAIRFAX,22030,7033791008,PROPRIETARY,Yes,Yes,Yes,Yes,Yes,Yes,08/23/2013,3,-,215,215,100.0,-,104,120,86.7,-,124,162,75.6,-,145,163,85.6,-,118,162,76.3,-,132,156,84.4,-,128,161,76.6,-,0,168,0.0,-,213,215,99.1,-,1,215,0.5,-,100,163,61.35,-,36,41,87.80,-,111,127,87.40,-,155,215,72.09,73.40,68.65,79.23,Same As National Rate,-,2,58,3.45,3.77,2.62,5.42,Same As National Rate,-,7,100,7.00,9.45,6.15,15.57,Same As National Rate,-,1.00,-,350
VA,497700,"TRISTATE QUALITY CARE, CORP",7202 FORDSON RD,ALEXANDRIA,22306,7036601366,PROPRIETARY,Yes,Yes,Yes,Yes,Yes,Yes,07/20/2013,3.5,-,228,228,100.0,-,122,128,95.3,-,156,174,83.2,-,158,174,86.5,-,148,174,82.9,-,103,118,86.5,-,152,174,78.7,-,0,175,0.0,-,228,228,100.0,-,0,228,0.0,-,89,174,51.15,-,11,32,34.38,-,128,142,90.14,-,209,250,83.60,85.32,80.62,88.30,Better Than National Rate,-,5,211,2.37,3.61,2.52,4.60,Same As National Rate,-,5,100,5.00,7.43,4.10,11.79,Same As National Rate,-,0.85,-,310
VA,497701,"BLUE DOVE HOME HEALTH SERVICES, LLC","8424 DORSEY CIRCLE,  SUITE 201",MANASSAS,20110,7033611016,PROPRIETARY,Yes,Yes,Yes,Yes,Yes,Yes,09/11/2013,3.5,-,119,120,99.2,-,67,75,89.3,-,69,76,85.6,-,74,76,91.9,-,75,76,92.1,-,50,52,92.6,-,68,71,87.7,-,0,76,0.0,-,121,121,100.0,-,0,120,0.0,-,59,76,77.63,-,4,22,18.18,-,46,54,85.19,-,136,187,72.73,77.67,70.68,82.65,Same As National Rate,-,5,109,4.59,4.14,2.64,5.91,Same As National Rate,-,6,81,7.41,8.64,4.98,13.13,Same As National Rate,-,1.09,-,334
VA,497702,"FNI HEALTHCARE, INC",5712 CLEVELAND STREET - SUITE 110,VIRGINIA BEACH,23462,7572713861,PROPRIETARY,Yes,Yes,Yes,Yes,Yes,Yes,12/23/2013,4.5,-,168,168,100.0,-,123,126,97.6,-,89,95,96.5,-,91,95,93.7,-,91,95,100.0,-,92,94,94.7,-,92,94,100.0,-,2,95,1.3,-,168,168,100.0,-,1,168,0.6,-,59,91,64.84,-,-,-,-,The number of patient episodes for this measure is too small to report.,67,81,82.72,-,120,190,63.16,76.32,69.33,82.09,Same As National Rate,-,0,41,0.00,3.60,2.60,5.21,Same As National Rate,-,24,125,19.20,13.41,9.78,17.93,Same As National Rate,-,0.92,-,513
VA,497703,COMMONWEALTH HOME CARE,620 MOOREFIELD PARK DR STE 100,RICHMOND,23236,8047449211,PROPRIETARY,Yes,Yes,Yes,Yes,Yes,Yes,01/06/2014,2.5,-,"1,596","1,820",87.7,-,777,"1,151",67.5,-,"1,038","1,235",85.6,-,954,"1,229",82.3,-,"1,095","1,242",87.1,-,"1,190","1,243",94.4,-,"1,005","1,222",84.0,-,2,"1,316",0.2,-,"1,778","1,823",97.5,-,12,"1,814",0.7,-,842,"1,237",68.07,-,140,171,81.87,-,"1,094","1,145",95.55,-,770,"1,006",76.54,82.80,80.68,85.44,Better Than National Rate,-,25,559,4.47,4.17,3.17,5.53,Same As National Rate,-,70,542,12.92,12.39,10.46,15.20,Worse Than National Rate,-,0.95,-,"1,615"
VA,497706,JAMES RIVER HOME HEALTH AGENCY,"9100 ARBORETUM PKWY,  SUITE 290",RICHMOND,23236,8042723300,PROPRIETARY,Yes,Yes,Yes,Yes,Yes,Yes,02/24/2014,3.5,-,"2,675","2,743",97.5,-,"1,255","1,711",73.3,-,"1,690","1,809",90.5,-,"1,671","1,808",91.3,-,"1,692","1,814",90.8,-,"1,355","1,463",92.4,-,"1,647","1,798",87.9,-,7,"1,991",0.3,-,"2,627","2,743",95.8,-,25,"2,736",0.9,-,"1,331","1,809",73.58,-,136,147,92.52,-,"1,813","1,844",98.32,-,"1,146","1,633",70.18,78.44,76.51,80.58,Better Than National Rate,-,55,"1,152",4.77,4.14,3.27,5.22,Same As National Rate,-,104,825,12.61,9.47,8.00,10.96,Same As National Rate,-,1.01,-,"2,256"
VA,497709,"SUNSHINE HOME HEALTHCARE, LLC","5510 CHEROKEE AVENUE, SUITE 150",ALEXANDRIA,22312,3012660738,PROPRIETARY,Yes,Yes,Yes,Yes,Yes,Yes,05/12/2014,4.5,-,265,266,99.6,-,162,162,100.0,-,217,224,93.1,-,221,224,94.9,-,219,223,92.2,-,224,225,94.2,-,222,223,98.3,-,0,225,0.0,-,266,266,100.0,-,0,266,0.0,-,161,224,71.88,-,-,-,-,The number of patient episodes for this measure is too small to report.,210,211,99.53,-,344,416,82.69,88.57,85.47,92.30,Better Than National Rate,-,10,256,3.91,3.99,3.07,5.85,Same As National Rate,-,14,195,7.18,7.30,4.93,10.58,Same As National Rate,-,1.01,-,522
VA,497712,SHENANDOAH VALLEY HOME HEALTH,"19 MYERS CORNER DRIVE, SUITE A05",STAUNTON,24401,5403242360,PROPRIETARY,Yes,Yes,Yes,Yes,No,No,11/04/2014,3,-,557,558,99.8,-,346,401,86.3,-,278,406,74.5,-,294,416,83.5,-,316,421,82.8,-,309,393,86.5,-,261,395,83.3,-,0,443,0.0,-,537,560,95.9,-,10,560,1.8,-,260,420,61.90,-,130,157,82.80,-,271,286,94.76,-,460,581,79.17,82.47,80.33,85.43,Better Than National Rate,-,5,205,2.44,3.65,2.55,5.29,Same As National Rate,-,33,350,9.43,10.64,8.13,14.18,Same As National Rate,-,0.95,-,746
VA,497713,ACCESS HOME HEALTH CARE AND REHABILITATION,1123 E STUART DRIVE,GALAX,24333,2762663149,NON-PROFIT,Yes,Yes,Yes,Yes,Yes,Yes,04/02/2015,3.5,-,702,727,96.6,-,371,509,72.9,-,439,493,88.8,-,458,493,95.6,-,446,495,91.4,-,470,495,93.5,-,454,491,90.8,-,2,503,0.2,-,708,727,97.4,-,5,725,0.7,-,391,477,81.97,-,-,-,-,The number of patient episodes for this measure is too small to report.,460,484,95.04,-,237,373,63.54,68.78,64.33,73.01,Worse Than National Rate,-,9,187,4.81,4.05,2.97,5.48,Same As National Rate,-,44,196,22.45,17.77,14.25,22.35,Worse Than National Rate,-,0.99,-,"1,238"
VA,497714,HORIZONS HEALTHCARE SERVICES LLC,"3949 PENDER DR, STE 320",FAIRFAX,22030,7035370107,PROPRIETARY,Yes,Yes,Yes,Yes,Yes,Yes,06/08/2015,4.5,-,"1,459","1,459",100.0,-,698,823,84.8,-,983,"1,066",87.8,-,"1,003","1,066",89.9,-,988,"1,066",92.6,-,958,987,94.4,-,952,"1,059",84.5,-,2,"1,075",0.2,-,"1,453","1,459",99.6,-,10,"1,459",0.7,-,740,"1,063",69.61,-,116,172,67.44,-,777,902,86.14,-,"2,756","3,706",74.37,77.86,76.52,79.03,Better Than National Rate,-,128,"2,893",4.42,4.63,4.04,5.28,Worse Than National Rate,-,76,"1,732",4.39,4.32,3.52,5.27,Better Than National Rate,-,0.92,-,"4,864"
VA,497715,AT HOME PERSONAL CARE SERVICES LLC,9218 CENTREVILLE ROAD,MANASSAS,20110,7033302323,PROPRIETARY,Yes,Yes,Yes,Yes,No,Yes,03/25/2015,-,The number of patient episodes for this measure is too small to report.,-,-,-,The number of patient episodes for this measure is too small to report.,-,-,-,The number of patient episodes for this measure is too small to report.,-,-,-,The number of patient episodes for this measure is too small to report.,-,-,-,The number of patient episodes for this measure is too small to report.,-,-,-,The number of patient episodes for this measure is too small to report.,-,-,-,The number of patient episodes for this measure is too small to report.,-,-,-,The number of patient episodes for this measure is too small to report.,-,-,-,The number of patient episodes for this measure is too small to report.,-,-,-,The number of patient episodes for this measure is too small to report.,-,-,-,The number of patient episodes for this measure is too small to report.,-,-,-,The number of patient episodes for this measure is too small to report.,-,-,-,The number of patient episodes for this measure is too small to report.,-,-,-,The number of patient episodes for this measure is too small to report.,-,10,-,-,-,-,Not Available,The number of patient episodes for this measure is too small to report.,-,5,-,-,-,-,Not Available,The number of patient episodes for this measure is too small to report.,-,6,-,-,-,-,Not Available,The number of patient episodes for this measure is too small to report.,0.60,-,23
VA,497719,PROSPECT HOMECARE AGENCY,8315 LEE HWY; STE 302,FAIRFAX,22031,2024135928,PROPRIETARY,Yes,Yes,Yes,Yes,Yes,Yes,12/07/2015,3,-,599,609,98.4,-,370,387,95.6,-,304,433,78.8,-,308,432,78.3,-,338,435,85.8,-,305,338,93.7,-,305,414,85.5,-,1,438,0.0,-,605,609,99.3,-,2,609,0.3,-,225,434,51.84,-,116,162,71.60,-,206,273,75.46,-,428,560,76.43,81.70,78.66,85.43,Better Than National Rate,-,11,215,5.12,4.09,2.98,5.67,Same As National Rate,-,30,363,8.26,8.59,6.51,11.14,Same As National Rate,-,0.94,-,921
VA,497720,"SUNSHINE ON THE GO NURSING, INC",1340 OLD CHAIN BRIDGE RD SUITE 300 C,MACLEAN,22101,7038620303,PROPRIETARY,Yes,Yes,Yes,No,No,Yes,12/14/2015,-,The number of patient episodes for this measure is too small to report.,-,-,-,This measure currently does not have data or provider has been certified/recertified for less than 6 months.,-,-,-,This measure currently does not have data or provider has been certified/recertified for less than 6 months.,-,-,-,This measure currently does not have data or provider has been certified/recertified for less than 6 months.,-,-,-,This measure currently does not have data or provider has been certified/recertified for less than 6 months.,-,-,-,This measure currently does not have data or provider has been certified/recertified for less than 6 months.,-,-,-,This measure currently does not have data or provider has been certified/recertified for less than 6 months.,-,-,-,This measure currently does not have data or provider has been certified/recertified for less than 6 months.,-,-,-,This measure currently does not have data or provider has been certified/recertified for less than 6 months.,-,-,-,This measure currently does not have data or provider has been certified/recertified for less than 6 months.,-,-,-,This measure currently does not have data or provider has been certified/recertified for less than 6 months.,-,-,-,This measure currently does not have data or provider has been certified/recertified for less than 6 months.,-,-,-,This measure currently does not have data or provider has been certified/recertified for less than 6 months.,-,-,-,This measure currently does not have data or provider has been certified/recertified for less than 6 months.,-,-,-,-,-,-,-,This measure currently does not have data or provider has been certified/recertified for less than 6 months.,-,-,-,-,-,-,-,This measure currently does not have data or provider has been certified/recertified for less than 6 months.,-,-,-,-,-,-,-,This measure currently does not have data or provider has been certified/recertified for less than 6 months.,-,This measure currently does not have data or provider has been certified/recertified for less than 6 months.,-
VA,497721,QUALITY HEALTH SERVICES LLC,1940 OPITZ BLVD,WOODBRIDGE,22191,7039107081,PROPRIETARY,Yes,Yes,Yes,Yes,Yes,Yes,01/06/2016,3,-,70,72,97.2,-,38,49,77.6,-,47,54,83.5,-,46,54,81.5,-,42,54,77.8,-,45,52,86.7,-,46,54,82.1,-,1,55,1.7,-,69,72,95.8,-,0,72,0.0,-,36,54,66.67,-,-,-,-,The number of patient episodes for this measure is too small to report.,38,39,97.44,-,117,154,75.97,79.23,71.55,85.53,Same As National Rate,-,3,54,5.56,3.93,2.67,5.56,Same As National Rate,-,8,70,11.43,10.10,6.45,15.84,Same As National Rate,-,0.89,-,227
VA,497722,MINERVA HOME HEALTHCARE,1310 VINCENT PL SUITE B,MCLEAN,22101,5716556700,PROPRIETARY,Yes,Yes,No,No,No,No,03/17/2016,-,The number of patient episodes for this measure is too small to report.,-,-,-,This measure currently does not have data or provider has been certified/recertified for less than 6 months.,-,-,-,This measure currently does not have data or provider has been certified/recertified for less than 6 months.,-,-,-,This measure currently does not have data or provider has been certified/recertified for less than 6 months.,-,-,-,This measure currently does not have data or provider has been certified/recertified for less than 6 months.,-,-,-,This measure currently does not have data or provider has been certified/recertified for less than 6 months.,-,-,-,This measure currently does not have data or provider has been certified/recertified for less than 6 months.,-,-,-,This measure currently does not have data or provider has been certified/recertified for less than 6 months.,-,-,-,This measure currently does not have data or provider has been certified/recertified for less than 6 months.,-,-,-,This measure currently does not have data or provider has been certified/recertified for less than 6 months.,-,-,-,This measure currently does not have data or provider has been certified/recertified for less than 6 months.,-,-,-,This measure currently does not have data or provider has been certified/recertified for less than 6 months.,-,-,-,This measure currently does not have data or provider has been certified/recertified for less than 6 months.,-,-,-,This measure currently does not have data or provider has been certified/recertified for less than 6 months.,-,-,-,-,-,-,-,This measure currently does not have data or provider has been certified/recertified for less than 6 months.,-,-,-,-,-,-,-,This measure currently does not have data or provider has been certified/recertified for less than 6 months.,-,-,-,-,-,-,-,This measure currently does not have data or provider has been certified/recertified for less than 6 months.,-,This measure currently does not have data or provider has been certified/recertified for less than 6 months.,-
VA,497724,PRIMA HOME HEALTH INC,14101 WILLARD ROAD SUITE C,CHANTILLY,20151,7039557800,PROPRIETARY,Yes,No,No,No,No,Yes,03/31/2016,-,The number of patient episodes for this measure is too small to report.,-,-,-,This measure currently does not have data or provider has been certified/recertified for less than 6 months.,-,-,-,This measure currently does not have data or provider has been certified/recertified for less than 6 months.,-,-,-,This measure currently does not have data or provider has been certified/recertified for less than 6 months.,-,-,-,This measure currently does not have data or provider has been certified/recertified for less than 6 months.,-,-,-,This measure currently does not have data or provider has been certified/recertified for less than 6 months.,-,-,-,This measure currently does not have data or provider has been certified/recertified for less than 6 months.,-,-,-,This measure currently does not have data or provider has been certified/recertified for less than 6 months.,-,-,-,This measure currently does not have data or provider has been certified/recertified for less than 6 months.,-,-,-,This measure currently does not have data or provider has been certified/recertified for less than 6 months.,-,-,-,This measure currently does not have data or provider has been certified/recertified for less than 6 months.,-,-,-,This measure currently does not have data or provider has been certified/recertified for less than 6 months.,-,-,-,This measure currently does not have data or provider has been certified/recertified for less than 6 months.,-,-,-,This measure currently does not have data or provider has been certified/recertified for less than 6 months.,-,-,-,-,-,-,-,This measure currently does not have data or provider has been certified/recertified for less than 6 months.,-,-,-,-,-,-,-,This measure currently does not have data or provider has been certified/recertified for less than 6 months.,-,-,-,-,-,-,-,This measure currently does not have data or provider has been certified/recertified for less than 6 months.,-,This measure currently does not have data or provider has been certified/recertified for less than 6 months.,-
VA,497725,ALL ABOUT HOME HEALTH,1924 ARLINGTON BLVD SUITE 100,CHARLOTTESVILLE,22903,4342028339,PROPRIETARY,Yes,Yes,Yes,Yes,Yes,Yes,04/12/2016,2.5,-,352,471,74.7,-,174,328,53.0,-,345,419,89.9,-,229,400,73.4,-,318,413,84.1,-,90,147,73.3,-,133,260,66.6,-,0,432,0.0,-,336,476,70.6,-,0,474,0.0,-,305,426,71.60,-,60,87,68.97,-,234,345,67.83,-,194,222,87.39,85.74,81.08,89.17,Better Than National Rate,-,0,68,0.00,3.52,2.39,4.68,Same As National Rate,-,10,147,6.80,9.30,6.11,15.42,Same As National Rate,-,0.85,-,272
VA,497727,VALLEY RIDGE HOME HEALTH,53 WEST MAIN STREET SUITE B,CHRISTIANSBURG,24073,5404436111,PROPRIETARY,Yes,Yes,Yes,Yes,Yes,Yes,06/30/2016,2,-,245,288,85.1,-,102,166,61.4,-,159,207,71.9,-,161,207,73.3,-,156,207,70.8,-,130,207,57.4,-,160,206,71.3,-,0,209,0.0,-,282,288,97.9,-,3,287,1.0,-,116,206,56.31,-,-,-,-,The number of patient episodes for this measure is too small to report.,191,196,97.45,-,110,166,66.27,74.05,67.53,82.00,Same As National Rate,-,2,72,2.78,3.71,2.68,5.36,Same As National Rate,-,12,92,13.04,10.63,7.55,15.91,Same As National Rate,-,1.00,-,307
VA,497728,NOVA HOME HEALTH CARE LLC,11240 WAPLES MILL ROAD SUITE 202,FAIRFAX,22030,7038311111,PROPRIETARY,Yes,Yes,Yes,No,No,Yes,06/13/2016,-,The number of patient episodes for this measure is too small to report.,-,-,-,This measure currently does not have data or provider has been certified/recertified for less than 6 months.,-,-,-,This measure currently does not have data or provider has been certified/recertified for less than 6 months.,-,-,-,This measure currently does not have data or provider has been certified/recertified for less than 6 months.,-,-,-,This measure currently does not have data or provider has been certified/recertified for less than 6 months.,-,-,-,This measure currently does not have data or provider has been certified/recertified for less than 6 months.,-,-,-,This measure currently does not have data or provider has been certified/recertified for less than 6 months.,-,-,-,This measure currently does not have data or provider has been certified/recertified for less than 6 months.,-,-,-,This measure currently does not have data or provider has been certified/recertified for less than 6 months.,-,-,-,This measure currently does not have data or provider has been certified/recertified for less than 6 months.,-,-,-,This measure currently does not have data or provider has been certified/recertified for less than 6 months.,-,-,-,This measure currently does not have data or provider has been certified/recertified for less than 6 months.,-,-,-,This measure currently does not have data or provider has been certified/recertified for less than 6 months.,-,-,-,This measure currently does not have data or provider has been certified/recertified for less than 6 months.,-,1,-,-,-,-,Not Available,The number of patient episodes for this measure is too small to report.,-,-,-,-,-,-,-,This measure currently does not have data or provider has been certified/recertified for less than 6 months.,-,-,-,-,-,-,-,This measure currently does not have data or provider has been certified/recertified for less than 6 months.,-,The number of patient episodes for this measure is too small to report.,2
VA,497729,"VA RESIDENTIAL HEALTHCARE SERVICES, LLC",3130 GOLANSKY BLVD SUITE 202,WOODBRIDGE,22192,5716590556,PROPRIETARY,Yes,Yes,Yes,Yes,Yes,Yes,07/22/2016,4,-,109,121,90.1,-,54,76,71.1,-,99,108,90.4,-,95,108,92.4,-,97,108,94.1,-,71,76,100.0,-,86,93,93.5,-,0,108,0.0,-,118,121,97.5,-,1,121,0.8,-,97,108,89.81,-,23,45,51.11,-,30,62,48.39,-,68,79,86.08,83.61,76.40,88.66,Better Than National Rate,-,-,13,-,-,-,-,Not Available,The number of patient episodes for this measure is too small to report.,1,37,2.70,8.35,4.43,14.67,Same As National Rate,-,0.66,-,108
VA,497730,BAYADA HOME HEALTH CARE INC,6066 LEESBURG PIKE SUITE 900,FALLS CHURCH,22041,7038202001,PROPRIETARY,Yes,Yes,Yes,Yes,Yes,Yes,07/08/2016,4.5,-,"1,803","1,807",99.8,-,912,"1,118",81.6,-,784,931,92.5,-,809,931,93.7,-,815,931,96.5,-,"1,219","1,315",92.4,-,617,923,94.0,-,19,"1,486",0.9,-,"1,801","1,807",99.7,-,42,"1,804",2.3,-,417,925,45.08,-,100,103,97.09,-,"1,364","1,383",98.63,-,"1,926","2,422",79.52,84.22,83.07,86.08,Better Than National Rate,-,21,455,4.62,4.04,3.05,5.26,Same As National Rate,-,116,"1,269",9.14,9.77,8.34,11.51,Same As National Rate,-,1.05,-,"3,381"
VA,497733,WARM HEARTH AT HOME INC,100 ARBOR DRIVE SUITE 108,CHRISTIANSBURG,24073,5404433428,PROPRIETARY,Yes,Yes,Yes,Yes,No,Yes,09/26/2016,2.5,-,276,307,89.9,-,162,232,69.8,-,163,203,80.3,-,177,201,87.6,-,158,202,79.4,-,90,130,73.3,-,146,193,75.5,-,1,214,0.6,-,225,308,73.1,-,5,291,1.7,-,144,204,70.59,-,33,40,82.50,-,129,174,74.14,-,212,288,73.61,75.68,70.72,80.16,Same As National Rate,-,7,155,4.52,4.12,2.98,5.65,Same As National Rate,-,11,147,7.48,8.52,5.44,13.24,Same As National Rate,-,0.97,-,438
VA,497734,PATHWELL HOME HEALTH & HOSPICE,118 CREEKSIDE LANE,WINCHESTER,22602,5719348408,PROPRIETARY,Yes,Yes,Yes,Yes,Yes,Yes,11/01/2016,-,The number of patient episodes for this measure is too small to report.,-,-,-,The number of patient episodes for this measure is too small to report.,-,-,-,The number of patient episodes for this measure is too small to report.,-,-,-,The number of patient episodes for this measure is too small to report.,-,-,-,The number of patient episodes for this measure is too small to report.,-,-,-,The number of patient episodes for this measure is too small to report.,-,-,-,The number of patient episodes for this measure is too small to report.,-,-,-,The number of patient episodes for this measure is too small to report.,-,-,-,The number of patient episodes for this measure is too small to report.,-,-,-,The number of patient episodes for this measure is too small to report.,-,-,-,The number of patient episodes for this measure is too small to report.,-,-,-,The number of patient episodes for this measure is too small to report.,-,-,-,The number of patient episodes for this measure is too small to report.,-,-,-,The number of patient episodes for this measure is too small to report.,278,394,70.56,75.16,71.42,78.99,Same As National Rate,-,9,175,5.14,4.18,3.20,6.08,Same As National Rate,-,16,133,12.03,11.41,7.47,15.98,Same As National Rate,-,1.00,-,567
VA,497735,EQUILIBRIO HOME HEALTH OF VIRGINIA INC,1142 JENSEN DRIVE,VIRGINIA BEACH,23451,7579659942,PROPRIETARY,Yes,Yes,Yes,Yes,Yes,Yes,11/26/2016,2,-,182,222,82.0,-,105,160,65.6,-,88,127,78.6,-,99,127,83.9,-,90,127,76.4,-,100,123,82.9,-,80,124,74.9,-,1,133,0.4,-,160,224,71.4,-,2,223,0.9,-,60,123,48.78,-,34,38,89.47,-,91,95,95.79,-,101,210,48.10,55.66,50.00,63.73,Worse Than National Rate,-,2,56,3.57,3.71,2.79,5.30,Same As National Rate,-,23,114,20.18,13.73,9.96,18.87,Worse Than National Rate,-,1.09,-,546
VA,497736,"FRIENDS HEALTH CARE TEAM, INC",8003 FORBES PL STE 101,SPRINGFIELD,22151,5713508233,PROPRIETARY,Yes,Yes,Yes,Yes,No,Yes,09/27/2016,-,The number of patient episodes for this measure is too small to report.,-,-,-,The number of patient episodes for this measure is too small to report.,-,-,-,The number of patient episodes for this measure is too small to report.,-,-,-,The number of patient episodes for this measure is too small to report.,-,-,-,The number of patient episodes for this measure is too small to report.,-,-,-,The number of patient episodes for this measure is too small to report.,-,-,-,The number of patient episodes for this measure is too small to report.,-,-,-,The number of patient episodes for this measure is too small to report.,-,-,-,The number of patient episodes for this measure is too small to report.,-,-,-,The number of patient episodes for this measure is too small to report.,-,-,-,The number of patient episodes for this measure is too small to report.,-,-,-,The number of patient episodes for this measure is too small to report.,-,-,-,The number of patient episodes for this measure is too small to report.,-,-,-,The number of patient episodes for this measure is too small to report.,-,12,-,-,-,-,Not Available,The number of patient episodes for this measure is too small to report.,-,6,-,-,-,-,Not Available,The number of patient episodes for this measure is too small to report.,-,8,-,-,-,-,Not Available,The number of patient episodes for this measure is too small to report.,0.51,-,21
VA,497737,BRANDON OAKS AT HOME,3807 BRANDON AVE SW  SUITE 2410,ROANOKE,24018,5402838649,NON-PROFIT,Yes,Yes,Yes,Yes,Yes,Yes,11/07/2016,5,-,444,446,99.6,-,240,271,88.6,-,346,353,95.4,-,348,353,95.2,-,344,353,93.2,-,325,333,95.5,-,341,350,91.8,-,0,356,0.0,-,445,446,99.8,-,4,438,0.9,-,294,352,83.52,-,-,-,-,The number of patient episodes for this measure is too small to report.,345,345,100.00,-,433,531,81.54,87.28,82.99,90.51,Better Than National Rate,-,24,400,6.00,4.77,3.42,6.41,Same As National Rate,-,18,288,6.25,6.30,4.28,9.31,Better Than National Rate,-,0.92,-,605
VA,497739,VIRGINIA HEALTHCARE  SERVICES OF THE VALLEY LLC,115 CREEKSIDE LANE,WINCHESTER,22602,5403698322,PROPRIETARY,Yes,Yes,Yes,Yes,No,Yes,01/13/2017,2.5,-,494,520,95.0,-,304,363,83.7,-,255,346,85.4,-,233,330,85.8,-,229,348,78.9,-,163,193,96.2,-,124,292,64.2,-,3,368,0.8,-,508,520,97.7,-,12,518,2.3,-,237,344,68.90,-,95,184,51.63,-,157,184,85.33,-,321,558,57.53,56.74,52.74,60.48,Worse Than National Rate,-,3,93,3.23,3.86,2.71,5.33,Same As National Rate,-,45,275,16.36,19.70,15.47,24.70,Worse Than National Rate,-,0.93,-,"1,321"
VA,497740,HOPE HEALTH CARE LLC,8101 VANGUARD DRIVE - SUITE 150,MECHANICSVLLE,23111,8047891569,PROPRIETARY,Yes,Yes,Yes,Yes,Yes,Yes,01/17/2017,-,The number of patient episodes for this measure is too small to report.,-,-,-,This measure currently does not have data or provider has been certified/recertified for less than 6 months.,-,-,-,This measure currently does not have data or provider has been certified/recertified for less than 6 months.,-,-,-,This measure currently does not have data or provider has been certified/recertified for less than 6 months.,-,-,-,This measure currently does not have data or provider has been certified/recertified for less than 6 months.,-,-,-,This measure currently does not have data or provider has been certified/recertified for less than 6 months.,-,-,-,This measure currently does not have data or provider has been certified/recertified for less than 6 months.,-,-,-,This measure currently does not have data or provider has been certified/recertified for less than 6 months.,-,-,-,This measure currently does not have data or provider has been certified/recertified for less than 6 months.,-,-,-,This measure currently does not have data or provider has been certified/recertified for less than 6 months.,-,-,-,This measure currently does not have data or provider has been certified/recertified for less than 6 months.,-,-,-,This measure currently does not have data or provider has been certified/recertified for less than 6 months.,-,-,-,This measure currently does not have data or provider has been certified/recertified for less than 6 months.,-,-,-,This measure currently does not have data or provider has been certified/recertified for less than 6 months.,-,-,-,-,-,-,-,This measure currently does not have data or provider has been certified/recertified for less than 6 months.,-,-,-,-,-,-,-,This measure currently does not have data or provider has been certified/recertified for less than 6 months.,-,-,-,-,-,-,-,This measure currently does not have data or provider has been certified/recertified for less than 6 months.,-,This measure currently does not have data or provider has been certified/recertified for less than 6 months.,-
VA,497743,NAYAR HEALTH CARE LLC,300 ASHCAKE ROAD,ASHLAND,23005,8043305433,PROPRIETARY,Yes,Yes,Yes,Yes,Yes,No,05/18/2017,3,-,445,471,94.5,-,346,353,98.0,-,212,246,89.8,-,181,246,91.4,-,205,246,85.5,-,190,232,83.9,-,208,243,88.1,-,1,258,0.7,-,471,471,100.0,-,7,471,1.5,-,169,239,70.71,-,23,33,69.70,-,218,225,96.89,-,330,577,57.19,64.44,59.96,68.51,Worse Than National Rate,-,6,233,2.58,3.57,2.49,4.91,Same As National Rate,-,53,250,21.20,15.99,12.54,19.83,Worse Than National Rate,-,1.03,-,"1,405"
VA,497744,@HEART HOMECARE,349 SOUTHPORT CIRLCE SUITE 106,VIRGINIA BEACH,23452,7579614077,PROPRIETARY,Yes,Yes,Yes,Yes,Yes,Yes,06/01/2017,4.5,-,407,422,96.4,-,255,270,94.4,-,214,236,96.0,-,220,236,97.1,-,219,236,95.0,-,222,237,93.8,-,214,235,98.6,-,2,266,0.5,-,420,422,99.5,-,3,421,0.7,-,169,230,73.48,-,71,71,100.00,-,192,195,98.46,-,173,270,64.07,72.51,66.27,78.38,Same As National Rate,-,2,142,1.41,3.40,2.46,4.59,Same As National Rate,-,16,144,11.11,9.22,6.39,13.17,Same As National Rate,-,0.95,-,682
VA,497745,FIRST CHOICE HOME CARE,"1400 SHEPARD DRIVE, SUITE 100",STERLING,20164,5713252340,PROPRIETARY,Yes,Yes,Yes,Yes,Yes,Yes,06/15/2017,4,-,235,236,99.6,-,154,155,99.4,-,162,178,87.6,-,167,178,89.6,-,152,178,93.4,-,168,177,92.7,-,169,177,93.4,-,1,178,0.5,-,234,237,98.7,-,0,237,0.0,-,118,178,66.29,-,6,38,15.79,-,119,140,85.00,-,212,262,80.92,83.79,79.51,87.92,Better Than National Rate,-,10,137,7.30,4.47,3.30,6.35,Same As National Rate,-,6,125,4.80,6.88,4.18,10.33,Same As National Rate,-,0.96,-,389
VA,497746,SENTARA HOME CARE SERVICES-SUFFOLK,154 BURNETTS WAY SUITE 102,SUFFOLK,23434,7579831900,PROPRIETARY,Yes,Yes,Yes,Yes,Yes,Yes,07/20/2017,3.5,-,"1,262","1,399",90.2,-,549,867,63.3,-,935,"1,035",86.5,-,969,"1,032",91.2,-,950,"1,035",88.0,-,942,991,91.6,-,906,"1,030",83.6,-,3,"1,065",0.3,-,"1,383","1,400",98.8,-,5,"1,400",0.4,-,805,"1,032",78.00,-,109,110,99.09,-,953,955,99.79,-,880,"1,067",82.47,91.02,88.72,93.20,Better Than National Rate,-,55,999,5.51,4.41,3.54,5.38,Same As National Rate,-,45,505,8.91,7.43,5.82,9.26,Better Than National Rate,-,0.89,-,"1,317"
VA,497747,SENTARA HOME CARE SERVICES-VIRGINIA BEACH,535 INDEPENDENCE PARKWAY SUITE 100,CHESAPEAKE,23320,7575533579,PROPRIETARY,Yes,Yes,Yes,Yes,Yes,Yes,06/28/2017,3,-,"2,957","3,913",75.6,-,"1,611","2,401",67.1,-,"2,535","2,883",83.7,-,"2,570","2,879",86.0,-,"2,556","2,882",85.9,-,"2,233","2,518",87.9,-,"2,443","2,865",79.2,-,7,"2,928",0.2,-,"3,855","3,922",98.3,-,38,"3,915",1.0,-,"2,231","2,873",77.65,-,243,310,78.39,-,"2,574","2,618",98.32,-,"2,949","3,750",78.64,87.82,86.71,89.20,Better Than National Rate,-,175,"2,853",6.13,5.12,4.49,5.95,Worse Than National Rate,-,159,"1,858",8.56,7.19,6.31,8.31,Better Than National Rate,-,0.94,-,"4,683"
VA,497748,SENTARA HOME CARE SERVICES-WILLIAMSBURG,"5372 DISCOVERY PARK BOULEVARD, SUITE 201",WILLIAMSBURG,23188,7579841350,PROPRIETARY,Yes,Yes,Yes,Yes,Yes,Yes,07/25/2017,3.5,-,"1,175","1,500",78.3,-,688,923,74.5,-,"1,077","1,166",88.3,-,"1,048","1,163",89.2,-,"1,067","1,168",89.2,-,907,"1,000",92.9,-,991,"1,157",80.6,-,2,"1,191",0.3,-,"1,473","1,502",98.1,-,13,"1,501",0.9,-,957,"1,165",82.15,-,86,90,95.56,-,"1,087","1,101",98.73,-,"1,432","1,688",84.83,90.36,88.39,91.71,Better Than National Rate,-,79,"1,394",5.67,5.11,4.24,6.12,Worse Than National Rate,-,57,852,6.69,6.59,5.31,8.33,Better Than National Rate,-,0.96,-,"2,090"
VA,497749,DESTINY HOME CARE LLC,4021 WILLIAMSBURG COURT,FAIRFAX,22032,7039447100,PROPRIETARY,Yes,Yes,No,No,No,Yes,11/06/2017,-,The number of patient episodes for this measure is too small to report.,-,-,-,This measure currently does not have data or provider has been certified/recertified for less than 6 months.,-,-,-,This measure currently does not have data or provider has been certified/recertified for less than 6 months.,-,-,-,This measure currently does not have data or provider has been certified/recertified for less than 6 months.,-,-,-,This measure currently does not have data or provider has been certified/recertified for less than 6 months.,-,-,-,This measure currently does not have data or provider has been certified/recertified for less than 6 months.,-,-,-,This measure currently does not have data or provider has been certified/recertified for less than 6 months.,-,-,-,This measure currently does not have data or provider has been certified/recertified for less than 6 months.,-,-,-,This measure currently does not have data or provider has been certified/recertified for less than 6 months.,-,-,-,This measure currently does not have data or provider has been certified/recertified for less than 6 months.,-,-,-,This measure currently does not have data or provider has been certified/recertified for less than 6 months.,-,-,-,This measure currently does not have data or provider has been certified/recertified for less than 6 months.,-,-,-,This measure currently does not have data or provider has been certified/recertified for less than 6 months.,-,-,-,This measure currently does not have data or provider has been certified/recertified for less than 6 months.,-,-,-,-,-,-,-,This measure currently does not have data or provider has been certified/recertified for less than 6 months.,-,-,-,-,-,-,-,This measure currently does not have data or provider has been certified/recertified for less than 6 months.,-,-,-,-,-,-,-,This measure currently does not have data or provider has been certified/recertified for less than 6 months.,-,This measure currently does not have data or provider has been certified/recertified for less than 6 months.,-
VA,497750,AHR HOME CARE,3022 JAVIER RD SUITE 104,FAIRFAX,22031,7032052412,PROPRIETARY,Yes,Yes,No,No,No,No,09/26/2017,-,The number of patient episodes for this measure is too small to report.,-,-,-,The number of patient episodes for this measure is too small to report.,-,-,-,The number of patient episodes for this measure is too small to report.,-,-,-,The number of patient episodes for this measure is too small to report.,-,-,-,The number of patient episodes for this measure is too small to report.,-,-,-,The number of patient episodes for this measure is too small to report.,-,-,-,The number of patient episodes for this measure is too small to report.,-,-,-,The number of patient episodes for this measure is too small to report.,-,-,-,The number of patient episodes for this measure is too small to report.,-,-,-,The number of patient episodes for this measure is too small to report.,-,-,-,The number of patient episodes for this measure is too small to report.,-,-,-,The number of patient episodes for this measure is too small to report.,-,-,-,This measure currently does not have data or provider has been certified/recertified for less than 6 months.,-,-,-,The number of patient episodes for this measure is too small to report.,-,-,-,-,-,-,-,This measure currently does not have data or provider has been certified/recertified for less than 6 months.,-,-,-,-,-,-,-,This measure currently does not have data or provider has been certified/recertified for less than 6 months.,-,-,-,-,-,-,-,This measure currently does not have data or provider has been certified/recertified for less than 6 months.,-,This measure currently does not have data or provider has been certified/recertified for less than 6 months.,-
VA,497751,HEALING HOME HEALTHCARE INC,"7000 INFANTRY RIDGE ROAD, SUITE 110",MANASSAS,20109,7036500576,PROPRIETARY,Yes,Yes,Yes,Yes,Yes,Yes,12/29/2017,3,-,650,671,96.9,-,399,444,89.9,-,464,508,87.7,-,463,508,87.3,-,462,508,90.8,-,433,477,88.0,-,476,506,89.0,-,1,509,0.2,-,661,671,98.5,-,5,671,0.7,-,323,507,63.71,-,34,49,69.39,-,439,459,95.64,-,288,380,75.79,77.21,72.93,81.18,Same As National Rate,-,5,158,3.16,3.79,2.68,5.28,Same As National Rate,-,27,244,11.07,12.21,8.60,16.32,Same As National Rate,-,0.98,-,467
VA,497752,AVALON IN HOME NURSING AND REHABILITATION LLC,"6402 ARLINGTON BLVD., STE 720",FALLS CHURCH,22042,7032692238,PROPRIETARY,Yes,Yes,Yes,Yes,Yes,Yes,01/29/2018,3,-,687,803,85.6,-,468,509,91.9,-,492,605,80.1,-,530,604,88.3,-,524,608,87.9,-,380,436,90.5,-,519,593,85.3,-,1,634,0.1,-,797,803,99.3,-,9,803,1.1,-,485,619,78.35,-,-,-,-,The number of patient episodes for this measure is too small to report.,604,618,97.73,-,881,"1,053",83.67,84.00,81.93,86.09,Better Than National Rate,-,17,554,3.07,3.84,2.88,5.09,Same As National Rate,-,53,540,9.81,11.89,9.21,14.90,Same As National Rate,-,0.96,-,"1,545"
VA,497754,GRACE HOME HEALTHCARE LLC,9735 MAIN STREET SUITE 200,FAIRFAX,22031,7038657370,PROPRIETARY,Yes,Yes,No,No,No,No,01/26/2018,-,The number of patient episodes for this measure is too small to report.,-,-,-,The number of patient episodes for this measure is too small to report.,-,-,-,This measure currently does not have data or provider has been certified/recertified for less than 6 months.,-,-,-,The number of patient episodes for this measure is too small to report.,-,-,-,The number of patient episodes for this measure is too small to report.,-,-,-,The number of patient episodes for this measure is too small to report.,-,-,-,The number of patient episodes for this measure is too small to report.,-,-,-,The number of patient episodes for this measure is too small to report.,-,-,-,The number of patient episodes for this measure is too small to report.,-,-,-,The number of patient episodes for this measure is too small to report.,-,-,-,The number of patient episodes for this measure is too small to report.,-,-,-,The number of patient episodes for this measure is too small to report.,-,-,-,This measure currently does not have data or provider has been certified/recertified for less than 6 months.,-,-,-,The number of patient episodes for this measure is too small to report.,-,2,-,-,-,-,Not Available,The number of patient episodes for this measure is too small to report.,-,-,-,-,-,-,-,This measure currently does not have data or provider has been certified/recertified for less than 6 months.,-,2,-,-,-,-,Not Available,The number of patient episodes for this measure is too small to report.,-,The number of patient episodes for this measure is too small to report.,7
VA,497755,WESTMINSTER CANTERBURY CORPORATION,1600 WESTBROOK AVENUE,RICHMOND,23227,8042923500,NON-PROFIT,Yes,Yes,Yes,Yes,Yes,Yes,05/30/2018,3.5,-,194,195,99.5,-,129,136,94.9,-,129,162,78.0,-,147,162,88.5,-,139,162,86.7,-,153,156,94.1,-,95,161,60.8,-,0,163,0.0,-,192,196,98.0,-,8,193,4.1,-,137,163,84.05,-,74,76,97.37,-,87,87,100.00,-,180,229,78.60,81.34,76.32,85.28,Better Than National Rate,-,0,69,0.00,3.57,2.49,4.89,Same As National Rate,-,5,170,2.94,6.48,3.98,10.62,Same As National Rate,-,1.03,-,318
VA,497756,HUMBLE HOME HEALTH LLC,9853 BUSINESS WAY,MANASSAS,20110,5717193426,NON-PROFIT,Yes,Yes,Yes,Yes,Yes,Yes,08/01/2018,3.5,-,53,55,96.4,-,29,33,87.9,-,28,37,95.9,-,31,37,93.6,-,32,37,100.0,-,-,-,-,The number of patient episodes for this measure is too small to report.,2,36,36.5,-,1,40,1.6,-,28,55,50.9,-,0,54,0.0,-,18,37,48.65,-,8,34,23.53,-,-,-,-,The number of patient episodes for this measure is too small to report.,89,193,46.11,52.02,46.01,59.16,Worse Than National Rate,-,1,38,2.63,3.78,2.60,5.36,Same As National Rate,-,16,104,15.38,12.33,9.09,17.26,Same As National Rate,-,1.17,-,323
VA,497757,TEAM NURSE,1372 WEST GRETNA RD SUITE B,GRETNA,24557,4345755200,PROPRIETARY,Yes,Yes,Yes,Yes,Yes,Yes,08/13/2018,-,The number of patient episodes for this measure is too small to report.,-,-,-,This measure currently does not have data or provider has been certified/recertified for less than 6 months.,-,-,-,This measure currently does not have data or provider has been certified/recertified for less than 6 months.,-,-,-,This measure currently does not have data or provider has been certified/recertified for less than 6 months.,-,-,-,This measure currently does not have data or provider has been certified/recertified for less than 6 months.,-,-,-,This measure currently does not have data or provider has been certified/recertified for less than 6 months.,-,-,-,This measure currently does not have data or provider has been certified/recertified for less than 6 months.,-,-,-,This measure currently does not have data or provider has been certified/recertified for less than 6 months.,-,-,-,This measure currently does not have data or provider has been certified/recertified for less than 6 months.,-,-,-,This measure currently does not have data or provider has been certified/recertified for less than 6 months.,-,-,-,This measure currently does not have data or provider has been certified/recertified for less than 6 months.,-,-,-,This measure currently does not have data or provider has been certified/recertified for less than 6 months.,-,-,-,This measure currently does not have data or provider has been certified/recertified for less than 6 months.,-,-,-,This measure currently does not have data or provider has been certified/recertified for less than 6 months.,-,-,-,-,-,-,-,This measure currently does not have data or provider has been certified/recertified for less than 6 months.,-,-,-,-,-,-,-,This measure currently does not have data or provider has been certified/recertified for less than 6 months.,-,-,-,-,-,-,-,This measure currently does not have data or provider has been certified/recertified for less than 6 months.,-,This measure currently does not have data or provider has been certified/recertified for less than 6 months.,-
VA,497758,REMEDY HOME HEALTH CORP,18360 VIRGIL GOODE HWY,ROCKY MOUNT,24151,5406828782,PROPRIETARY,Yes,Yes,Yes,Yes,Yes,No,08/29/2018,-,The number of patient episodes for this measure is too small to report.,-,-,-,This measure currently does not have data or provider has been certified/recertified for less than 6 months.,-,-,-,This measure currently does not have data or provider has been certified/recertified for less than 6 months.,-,-,-,This measure currently does not have data or provider has been certified/recertified for less than 6 months.,-,-,-,This measure currently does not have data or provider has been certified/recertified for less than 6 months.,-,-,-,This measure currently does not have data or provider has been certified/recertified for less than 6 months.,-,-,-,This measure currently does not have data or provider has been certified/recertified for less than 6 months.,-,-,-,This measure currently does not have data or provider has been certified/recertified for less than 6 months.,-,-,-,This measure currently does not have data or provider has been certified/recertified for less than 6 months.,-,-,-,This measure currently does not have data or provider has been certified/recertified for less than 6 months.,-,-,-,This measure currently does not have data or provider has been certified/recertified for less than 6 months.,-,-,-,This measure currently does not have data or provider has been certified/recertified for less than 6 months.,-,-,-,This measure currently does not have data or provider has been certified/recertified for less than 6 months.,-,-,-,This measure currently does not have data or provider has been certified/recertified for less than 6 months.,-,1,-,-,-,-,Not Available,The number of patient episodes for this measure is too small to report.,-,-,-,-,-,-,-,This measure currently does not have data or provider has been certified/recertified for less than 6 months.,-,-,-,-,-,-,-,This measure currently does not have data or provider has been certified/recertified for less than 6 months.,-,The number of patient episodes for this measure is too small to report.,1
VA,497759,TENDER TOUCH HEALTH CARE SERVICES LLC,"9990 FAIRFAX BLVD, STE 410",FAIRFAX,22030,7036590280,PROPRIETARY,Yes,Yes,Yes,Yes,Yes,Yes,11/23/2018,3,-,58,63,92.1,-,30,38,78.9,-,50,51,92.7,-,49,51,89.6,-,49,51,93.4,-,25,39,62.6,-,36,50,64.6,-,0,53,0.0,-,62,63,98.4,-,1,63,1.6,-,37,51,72.55,-,-,-,-,The number of patient episodes for this measure is too small to report.,36,38,94.74,-,18,23,78.26,77.97,62.66,87.86,Same As National Rate,-,-,10,-,-,-,-,Not Available,The number of patient episodes for this measure is too small to report.,-,8,-,-,-,-,Not Available,The number of patient episodes for this measure is too small to report.,0.86,-,27
VA,497760,PROCARE HOME HEALTH,13800 COPPERMINE ROAD SUITE 157,HERNDON,20171,7038804884,PROPRIETARY,Yes,Yes,Yes,Yes,No,Yes,02/13/2019,2.5,-,45,54,83.3,-,6,31,19.4,-,36,49,80.4,-,27,48,66.3,-,32,49,70.7,-,43,48,92.1,-,18,45,59.1,-,0,50,0.0,-,51,55,92.7,-,0,54,0.0,-,26,49,53.06,-,1,28,3.57,-,9,22,40.91,-,17,45,37.78,43.61,32.92,57.23,Worse Than National Rate,-,-,8,-,-,-,-,Not Available,The number of patient episodes for this measure is too small to report.,1,33,3.03,8.23,3.84,16.65,Same As National Rate,-,0.65,-,58
VA,497761,EVERGREEN HEALTH CARE MANAGEMENT LLC,"4115 ANNANDALE ROAD, SUITE 208",ANNANDALE,22003,7035345049,PROPRIETARY,Yes,Yes,Yes,No,No,No,01/09/2019,2.5,-,30,30,100.0,-,22,24,91.7,-,16,27,74.3,-,7,27,49.3,-,22,27,80.2,-,22,27,85.2,-,4,24,37.5,-,0,27,0.0,-,30,30,100.0,-,0,30,0.0,-,8,27,29.63,-,-,-,-,This measure currently does not have data or provider has been certified/recertified for less than 6 months.,27,27,100.00,-,25,34,73.53,73.43,60.90,85.75,Same As National Rate,-,-,7,-,-,-,-,Not Available,The number of patient episodes for this measure is too small to report.,-,13,-,-,-,-,Not Available,The number of patient episodes for this measure is too small to report.,0.60,-,63
VA,497762,"CARE WITH LOVE, LLC",10519 BRADDOCK RD SUITE A,FAIRFAX,22032,7039354070,PROPRIETARY,Yes,Yes,Yes,Yes,Yes,Yes,04/09/2019,3,-,848,867,97.8,-,517,537,96.3,-,503,597,83.4,-,515,595,85.1,-,519,597,87.9,-,534,568,93.2,-,489,594,82.7,-,4,611,0.5,-,859,868,99.0,-,6,868,0.7,-,392,593,66.10,-,76,101,75.25,-,423,509,83.10,-,615,928,66.27,72.15,69.03,74.58,Worse Than National Rate,-,17,327,5.20,4.37,3.26,6.12,Same As National Rate,-,43,458,9.39,9.62,7.58,12.36,Same As National Rate,-,0.96,-,"1,343"
VA,497763,LAKE PRINCE AT HOME LLC,100 ANNA GOODE WAY,SUFFOLK,23434,7579235550,NON-PROFIT,Yes,Yes,Yes,Yes,Yes,Yes,04/25/2019,3,-,191,192,99.5,-,84,121,69.4,-,102,126,86.7,-,88,124,84.5,-,113,128,90.0,-,92,104,92.6,-,75,111,74.1,-,0,129,0.0,-,187,192,97.4,-,3,192,1.6,-,94,127,74.02,-,23,23,100.00,-,99,106,93.40,-,247,316,78.16,88.83,84.11,92.95,Better Than National Rate,-,11,139,7.91,4.55,3.26,6.24,Same As National Rate,-,12,128,9.38,9.18,6.13,14.05,Same As National Rate,-,1.08,-,443
VA,497767,VELOCITY HOME HEALTHCARE LLC,698 PINE STREET,HERNDON,20170,7035743281,PROPRIETARY,Yes,Yes,No,No,No,No,01/23/2020,4,-,73,75,97.3,-,32,48,66.7,-,60,65,86.9,-,61,64,92.2,-,65,65,100.0,-,62,63,96.7,-,54,60,84.5,-,0,65,0.0,-,68,75,90.7,-,1,75,1.3,-,61,65,93.85,-,-,-,-,The number of patient episodes for this measure is too small to report.,52,52,100.00,-,69,80,86.25,83.98,76.95,89.44,Better Than National Rate,-,1,76,1.32,3.71,2.64,5.33,Same As National Rate,-,1,42,2.38,7.92,4.73,13.28,Same As National Rate,-,1.00,-,88
VA,497768,KIND HEARTS,8020 LANKFORD HWY,OAK HALL,23416,7579905353,PROPRIETARY,Yes,Yes,Yes,Yes,No,Yes,04/28/2020,3,-,166,167,99.4,-,77,104,74.0,-,104,123,85.4,-,97,122,83.2,-,102,123,83.4,-,100,120,84.4,-,90,120,79.7,-,0,128,0.0,-,167,167,100.0,-,1,167,0.6,-,74,121,61.16,-,-,-,-,The number of patient episodes for this measure is too small to report.,120,120,100.00,-,107,150,71.33,74.84,69.18,80.67,Same As National Rate,-,1,37,2.70,3.82,2.62,5.38,Same As National Rate,-,9,85,10.59,10.48,7.00,16.64,Same As National Rate,-,1.07,-,290
VA,497769,CARING HEARTS HOMECARE INC,7960 DONEGAN DRIVE SUITE 201,MANASSAS,20109,7032155421,PROPRIETARY,Yes,Yes,Yes,Yes,No,Yes,05/11/2020,2.5,-,80,84,95.2,-,34,49,69.4,-,53,68,77.4,-,56,68,81.3,-,58,68,82.9,-,23,30,80.8,-,49,65,72.1,-,0,69,0.0,-,71,84,84.5,-,0,83,0.0,-,54,68,79.41,-,-,-,-,The number of patient episodes for this measure is too small to report.,68,68,100.00,-,102,131,77.86,78.83,71.65,85.07,Same As National Rate,-,5,61,8.20,4.25,3.04,5.96,Same As National Rate,-,7,52,13.46,12.18,7.85,19.65,Same As National Rate,-,1.09,-,185
VA,497770,ALLEGIANCE HOME CARE SERVICES INC,11832 CANON BLVD STE E,NEWPORT NEWS,23606,7573252680,PROPRIETARY,Yes,Yes,Yes,Yes,No,Yes,05/26/2020,-,The number of patient episodes for this measure is too small to report.,-,-,-,This measure currently does not have data or provider has been certified/recertified for less than 6 months.,-,-,-,This measure currently does not have data or provider has been certified/recertified for less than 6 months.,-,-,-,This measure currently does not have data or provider has been certified/recertified for less than 6 months.,-,-,-,This measure currently does not have data or provider has been certified/recertified for less than 6 months.,-,-,-,This measure currently does not have data or provider has been certified/recertified for less than 6 months.,-,-,-,This measure currently does not have data or provider has been certified/recertified for less than 6 months.,-,-,-,This measure currently does not have data or provider has been certified/recertified for less than 6 months.,-,-,-,This measure currently does not have data or provider has been certified/recertified for less than 6 months.,-,-,-,This measure currently does not have data or provider has been certified/recertified for less than 6 months.,-,-,-,This measure currently does not have data or provider has been certified/recertified for less than 6 months.,-,-,-,This measure currently does not have data or provider has been certified/recertified for less than 6 months.,-,-,-,This measure currently does not have data or provider has been certified/recertified for less than 6 months.,-,-,-,This measure currently does not have data or provider has been certified/recertified for less than 6 months.,-,1,-,-,-,-,Not Available,The number of patient episodes for this measure is too small to report.,-,-,-,-,-,-,-,This measure currently does not have data or provider has been certified/recertified for less than 6 months.,-,1,-,-,-,-,Not Available,The number of patient episodes for this measure is too small to report.,-,The number of patient episodes for this measure is too small to report.,11
VA,497771,FNI HEALTHCARE INC - VIRGINIA BEACH,5712 CLEVELAND ST STE 110,VIRGINIA BEACH,23462,7574322143,PROPRIETARY,Yes,Yes,Yes,No,Yes,Yes,07/17/2020,4.5,-,130,130,100.0,-,72,73,98.6,-,68,72,97.4,-,69,72,93.7,-,69,72,100.0,-,69,71,93.5,-,68,70,100.0,-,0,74,0.0,-,130,130,100.0,-,2,130,1.5,-,53,72,73.61,-,-,-,-,The number of patient episodes for this measure is too small to report.,58,66,87.88,-,187,307,60.91,77.77,70.99,82.74,Same As National Rate,-,6,139,4.32,3.79,2.66,5.16,Same As National Rate,-,28,115,24.35,13.77,9.92,18.84,Worse Than National Rate,-,1.08,-,635
VA,497772,TRINITY HOME CARE SERVICES LLC,3102 GOLANSKY BLVD SUITE 201,WOODBRIDGE,22192,5713986736,PROPRIETARY,Yes,Yes,Yes,Yes,Yes,Yes,09/03/2020,3.5,-,43,44,97.7,-,20,21,95.2,-,33,37,90.2,-,33,37,92.5,-,32,37,90.3,-,30,32,97.8,-,24,36,70.0,-,0,37,0.0,-,44,44,100.0,-,0,44,0.0,-,21,37,56.76,-,-,-,-,The number of patient episodes for this measure is too small to report.,26,31,83.87,-,87,103,84.47,86.29,79.91,91.61,Better Than National Rate,-,0,33,0.00,3.70,2.33,5.49,Same As National Rate,-,9,91,9.89,10.62,6.42,16.30,Same As National Rate,-,0.99,-,146
VA,497773,PEDIALAC NURSING SERVICES LLC,"1127 INTERNATIONAL PKWY, SUITE 220",FREDERICKSBURG,22406,5407374010,PROPRIETARY,Yes,Yes,No,No,No,Yes,12/02/2020,-,The number of patient episodes for this measure is too small to report.,-,-,-,This measure currently does not have data or provider has been certified/recertified for less than 6 months.,-,-,-,This measure currently does not have data or provider has been certified/recertified for less than 6 months.,-,-,-,This measure currently does not have data or provider has been certified/recertified for less than 6 months.,-,-,-,This measure currently does not have data or provider has been certified/recertified for less than 6 months.,-,-,-,This measure currently does not have data or provider has been certified/recertified for less than 6 months.,-,-,-,This measure currently does not have data or provider has been certified/recertified for less than 6 months.,-,-,-,This measure currently does not have data or provider has been certified/recertified for less than 6 months.,-,-,-,This measure currently does not have data or provider has been certified/recertified for less than 6 months.,-,-,-,This measure currently does not have data or provider has been certified/recertified for less than 6 months.,-,-,-,This measure currently does not have data or provider has been certified/recertified for less than 6 months.,-,-,-,This measure currently does not have data or provider has been certified/recertified for less than 6 months.,-,-,-,This measure currently does not have data or provider has been certified/recertified for less than 6 months.,-,-,-,This measure currently does not have data or provider has been certified/recertified for less than 6 months.,-,-,-,-,-,-,-,This measure currently does not have data or provider has been certified/recertified for less than 6 months.,-,-,-,-,-,-,-,This measure currently does not have data or provider has been certified/recertified for less than 6 months.,-,-,-,-,-,-,-,This measure currently does not have data or provider has been certified/recertified for less than 6 months.,-,This measure currently does not have data or provider has been certified/recertified for less than 6 months.,-
VA,497775,COMMONWEALTH HOME CARE,4016 RAINTREE ROAD STE 220,CHESAPEAKE,23321,7579378600,PROPRIETARY,Yes,Yes,Yes,Yes,Yes,Yes,02/01/2021,3,-,"1,402","1,536",91.3,-,521,882,59.1,-,946,"1,149",80.8,-,"1,001","1,147",86.7,-,956,"1,151",80.3,-,"1,070","1,109",93.9,-,986,"1,137",83.9,-,1,"1,184",0.1,-,"1,488","1,539",96.7,-,12,"1,534",0.8,-,913,"1,152",79.25,-,65,84,77.38,-,995,"1,099",90.54,-,"1,252","1,514",82.69,85.44,83.66,87.20,Better Than National Rate,-,21,536,3.92,4.07,3.12,5.05,Same As National Rate,-,66,905,7.29,7.67,6.12,9.78,Better Than National Rate,-,0.86,-,"1,899"
VA,497776,NAYAR HEALTH CARE BEDFORD LLC,1366 AMERICAN WAY,BEDFORD,24523,8043305433,PROPRIETARY,Yes,No,No,No,No,Yes,01/15/2021,2,-,174,174,100.0,-,126,132,95.5,-,45,100,66.0,-,38,98,69.9,-,40,99,57.2,-,51,99,58.7,-,38,97,65.7,-,0,103,0.0,-,173,174,99.4,-,4,174,2.3,-,33,95,34.74,-,-,-,-,The number of patient episodes for this measure is too small to report.,84,84,100.00,-,101,180,56.11,61.02,53.22,67.95,Worse Than National Rate,-,1,40,2.50,3.79,2.73,5.22,Same As National Rate,-,18,103,17.48,15.91,10.81,22.47,Worse Than National Rate,-,0.98,-,421
VA,497778,CAREVANA HOME HEALTH INC,1340 OLD CHAIN BRIDGE ROAD STE 405,MACLEAN,22101,5713272077,PROPRIETARY,Yes,Yes,Yes,Yes,Yes,Yes,07/02/2021,2,-,261,299,87.3,-,178,191,93.2,-,139,237,57.9,-,175,237,82.2,-,182,238,76.1,-,218,238,86.5,-,106,237,49.2,-,0,240,0.0,-,291,299,97.3,-,0,285,0.0,-,187,238,78.57,-,-,-,-,The number of patient episodes for this measure is too small to report.,234,234,100.00,-,190,209,90.91,93.32,88.94,96.37,Better Than National Rate,-,1,74,1.35,3.69,2.49,5.89,Same As National Rate,-,8,176,4.55,6.47,4.37,10.30,Same As National Rate,-,1.00,-,236
VA,497779,IN-HOME HEALTHCARE AGENCY LLC,46460 MONTGOMERY PLACE,STERLING,20165,5713131130,PROPRIETARY,Yes,Yes,Yes,No,No,Yes,08/18/2021,-,The number of patient episodes for this measure is too small to report.,-,-,-,This measure currently does not have data or provider has been certified/recertified for less than 6 months.,-,-,-,This measure currently does not have data or provider has been certified/recertified for less than 6 months.,-,-,-,This measure currently does not have data or provider has been certified/recertified for less than 6 months.,-,-,-,This measure currently does not have data or provider has been certified/recertified for less than 6 months.,-,-,-,This measure currently does not have data or provider has been certified/recertified for less than 6 months.,-,-,-,This measure currently does not have data or provider has been certified/recertified for less than 6 months.,-,-,-,This measure currently does not have data or provider has been certified/recertified for less than 6 months.,-,-,-,This measure currently does not have data or provider has been certified/recertified for less than 6 months.,-,-,-,This measure currently does not have data or provider has been certified/recertified for less than 6 months.,-,-,-,This measure currently does not have data or provider has been certified/recertified for less than 6 months.,-,-,-,This measure currently does not have data or provider has been certified/recertified for less than 6 months.,-,-,-,This measure currently does not have data or provider has been certified/recertified for less than 6 months.,-,-,-,This measure currently does not have data or provider has been certified/recertified for less than 6 months.,-,-,-,-,-,-,-,This measure currently does not have data or provider has been certified/recertified for less than 6 months.,-,-,-,-,-,-,-,This measure currently does not have data or provider has been certified/recertified for less than 6 months.,-,-,-,-,-,-,-,This measure currently does not have data or provider has been certified/recertified for less than 6 months.,-,The number of patient episodes for this measure is too small to report.,2
VA,497780,PASSION HOME HEALTH SOLUTIONS LLC,1880 HOWARD AVE SUITE 301A,VIENNA,22182,7034629141,-,-,-,-,-,-,-,10/25/2021,-,The number of patient episodes for this measure is too small to report.,-,-,-,The number of patient episodes for this measure is too small to report.,-,-,-,The number of patient episodes for this measure is too small to report.,-,-,-,The number of patient episodes for this measure is too small to report.,-,-,-,The number of patient episodes for this measure is too small to report.,-,-,-,The number of patient episodes for this measure is too small to report.,-,-,-,The number of patient episodes for this measure is too small to report.,-,-,-,The number of patient episodes for this measure is too small to report.,-,-,-,The number of patient episodes for this measure is too small to report.,-,-,-,The number of patient episodes for this measure is too small to report.,-,-,-,The number of patient episodes for this measure is too small to report.,-,-,-,The number of patient episodes for this measure is too small to report.,-,-,-,This measure currently does not have data or provider has been certified/recertified for less than 6 months.,-,-,-,The number of patient episodes for this measure is too small to report.,-,18,-,-,-,-,Not Available,The number of patient episodes for this measure is too small to report.,-,-,-,-,-,-,-,This measure currently does not have data or provider has been certified/recertified for less than 6 months.,-,13,-,-,-,-,Not Available,The number of patient episodes for this measure is too small to report.,1.28,-,29
VA,497781,"HOME HEALTH CONNECTION, INC",12007 SUNRISE VALLEY DRIVE SUITE 170,RESTON,20191,8009911442,PROPRIETARY,Yes,Yes,No,No,No,Yes,11/29/2021,-,The number of patient episodes for this measure is too small to report.,-,-,-,The number of patient episodes for this measure is too small to report.,-,-,-,This measure currently does not have data or provider has been certified/recertified for less than 6 months.,-,-,-,The number of patient episodes for this measure is too small to report.,-,-,-,The number of patient episodes for this measure is too small to report.,-,-,-,The number of patient episodes for this measure is too small to report.,-,-,-,The number of patient episodes for this measure is too small to report.,-,-,-,This measure currently does not have data or provider has been certified/recertified for less than 6 months.,-,-,-,The number of patient episodes for this measure is too small to report.,-,-,-,The number of patient episodes for this measure is too small to report.,-,-,-,The number of patient episodes for this measure is too small to report.,-,-,-,The number of patient episodes for this measure is too small to report.,-,-,-,This measure currently does not have data or provider has been certified/recertified for less than 6 months.,-,-,-,The number of patient episodes for this measure is too small to report.,-,-,-,-,-,-,-,This measure currently does not have data or provider has been certified/recertified for less than 6 months.,-,-,-,-,-,-,-,This measure currently does not have data or provider has been certified/recertified for less than 6 months.,-,-,-,-,-,-,-,This measure currently does not have data or provider has been certified/recertified for less than 6 months.,-,This measure currently does not have data or provider has been certified/recertified for less than 6 months.,-
VA,497782,ABSOLUTE HOME HEALTHCARE INC,"2046 RICHMOND HWY, STE A",STAFFORD,22554,7034361735,-,-,-,-,-,-,-,02/02/2022,-,The number of patient episodes for this measure is too small to report.,-,-,-,This measure currently does not have data or provider has been certified/recertified for less than 6 months.,-,-,-,This measure currently does not have data or provider has been certified/recertified for less than 6 months.,-,-,-,This measure currently does not have data or provider has been certified/recertified for less than 6 months.,-,-,-,This measure currently does not have data or provider has been certified/recertified for less than 6 months.,-,-,-,This measure currently does not have data or provider has been certified/recertified for less than 6 months.,-,-,-,This measure currently does not have data or provider has been certified/recertified for less than 6 months.,-,-,-,This measure currently does not have data or provider has been certified/recertified for less than 6 months.,-,-,-,This measure currently does not have data or provider has been certified/recertified for less than 6 months.,-,-,-,This measure currently does not have data or provider has been certified/recertified for less than 6 months.,-,-,-,This measure currently does not have data or provider has been certified/recertified for less than 6 months.,-,-,-,This measure currently does not have data or provider has been certified/recertified for less than 6 months.,-,-,-,This measure currently does not have data or provider has been certified/recertified for less than 6 months.,-,-,-,This measure currently does not have data or provider has been certified/recertified for less than 6 months.,-,-,-,-,-,-,-,This measure currently does not have data or provider has been certified/recertified for less than 6 months.,-,-,-,-,-,-,-,This measure currently does not have data or provider has been certified/recertified for less than 6 months.,-,-,-,-,-,-,-,This measure currently does not have data or provider has been certified/recertified for less than 6 months.,-,This measure currently does not have data or provider has been certified/recertified for less than 6 months.,-
VA,497784,HOMUNITY HEALTH SERVICES,8957 CENTER STREET,MANASSAS,20110,5402168214,-,-,-,-,-,-,-,12/28/2021,2,-,226,251,90.0,-,99,190,52.1,-,121,197,76.6,-,130,198,74.0,-,153,205,81.6,-,96,113,93.1,-,85,169,62.7,-,3,224,1.7,-,183,259,70.7,-,0,259,0.0,-,159,221,71.95,-,38,47,80.85,-,134,174,77.01,-,14,34,41.18,51.33,34.56,65.24,Worse Than National Rate,-,-,11,-,-,-,-,Not Available,The number of patient episodes for this measure is too small to report.,-,14,-,-,-,-,Not Available,The number of patient episodes for this measure is too small to report.,1.23,-,37
VA,497785,PATIENT'S CHOICE HOME HEALTHCARE CORPORATION,1617 SPARROW ROAD STE D,CHESAPEAKE,23325,7574244000,-,-,-,-,-,-,-,12/17/2021,-,The number of patient episodes for this measure is too small to report.,27,33,81.8,-,14,21,66.7,-,-,-,-,The number of patient episodes for this measure is too small to report.,-,-,-,The number of patient episodes for this measure is too small to report.,-,-,-,The number of patient episodes for this measure is too small to report.,-,-,-,The number of patient episodes for this measure is too small to report.,-,-,-,The number of patient episodes for this measure is too small to report.,-,-,-,The number of patient episodes for this measure is too small to report.,33,33,100.0,-,0,33,0.0,-,-,-,-,The number of patient episodes for this measure is too small to report.,-,-,-,The number of patient episodes for this measure is too small to report.,-,-,-,The number of patient episodes for this measure is too small to report.,-,9,-,-,-,-,Not Available,The number of patient episodes for this measure is too small to report.,-,-,-,-,-,-,-,This measure currently does not have data or provider has been certified/recertified for less than 6 months.,-,9,-,-,-,-,Not Available,The number of patient episodes for this measure is too small to report.,-,The number of patient episodes for this measure is too small to report.,16
VA,497786,HEALING HANDS HEALTH AGENCY LLC,"17323 RICHMOND HIGHWAY, SUITE 201",DUMFRIES,22026,7033406697,-,-,-,-,-,-,-,04/22/2022,3.5,-,48,51,94.1,-,17,30,56.7,-,29,32,91.2,-,28,32,86.4,-,28,33,86.4,-,-,-,-,The number of patient episodes for this measure is too small to report.,28,30,91.5,-,0,38,0.0,-,36,51,70.6,-,0,51,0.0,-,23,35,65.71,-,-,-,-,The number of patient episodes for this measure is too small to report.,24,25,96.00,-,-,2,-,-,-,-,Not Available,The number of patient episodes for this measure is too small to report.,-,-,-,-,-,-,-,This measure currently does not have data or provider has been certified/recertified for less than 6 months.,-,1,-,-,-,-,Not Available,The number of patient episodes for this measure is too small to report.,-,The number of patient episodes for this measure is too small to report.,1
VA,497787,JAMES RIVER HOME HEALTH CARE LLC,1012 W 3RD ST.     SUITE 1,FARMVILLE,23901,-,-,-,-,-,-,-,-,05/23/2022,3.5,-,345,360,95.8,-,142,208,68.3,-,195,221,87.5,-,191,220,88.4,-,198,223,88.0,-,174,182,95.4,-,194,218,87.9,-,1,245,0.2,-,347,360,96.4,-,6,357,1.7,-,158,223,70.85,-,-,-,-,The number of patient episodes for this measure is too small to report.,218,226,96.46,-,148,192,77.08,84.86,77.65,90.42,Better Than National Rate,-,4,83,4.82,3.86,2.70,5.36,Same As National Rate,-,21,160,13.12,10.28,7.12,13.80,Same As National Rate,-,1.07,-,260
VA,497788,PERIMETER HOME HEALTH LLC,540 E CONSTANCE RD,SUFFOLK,23434,-,-,-,-,-,-,-,-,08/29/2022,4,-,102,102,100.0,-,47,52,90.4,-,58,69,93.9,-,59,69,95.4,-,54,69,79.9,-,54,66,83.0,-,54,64,86.4,-,1,79,1.5,-,102,102,100.0,-,0,102,0.0,-,54,69,78.26,-,-,-,-,The number of patient episodes for this measure is too small to report.,66,68,97.06,-,58,84,69.05,72.51,62.76,80.03,Same As National Rate,-,2,37,5.41,3.92,2.85,5.68,Same As National Rate,-,6,76,7.89,8.61,5.18,13.07,Same As National Rate,-,0.86,-,102
VA,497789,BEATTYCARE HOME HEALTH SERVICES,6092 FRANCONIA ROAD,ALEXANDRIA,22310,7036650780,-,-,-,-,-,-,-,03/18/2022,-,The number of patient episodes for this measure is too small to report.,-,-,-,The number of patient episodes for this measure is too small to report.,-,-,-,The number of patient episodes for this measure is too small to report.,-,-,-,The number of patient episodes for this measure is too small to report.,-,-,-,The number of patient episodes for this measure is too small to report.,-,-,-,The number of patient episodes for this measure is too small to report.,-,-,-,The number of patient episodes for this measure is too small to report.,-,-,-,The number of patient episodes for this measure is too small to report.,-,-,-,The number of patient episodes for this measure is too small to report.,-,-,-,The number of patient episodes for this measure is too small to report.,-,-,-,The number of patient episodes for this measure is too small to report.,-,-,-,The number of patient episodes for this measure is too small to report.,-,-,-,This measure currently does not have data or provider has been certified/recertified for less than 6 months.,-,-,-,The number of patient episodes for this measure is too small to report.,-,-,-,-,-,-,-,This measure currently does not have data or provider has been certified/recertified for less than 6 months.,-,-,-,-,-,-,-,This measure currently does not have data or provider has been certified/recertified for less than 6 months.,-,-,-,-,-,-,-,This measure currently does not have data or provider has been certified/recertified for less than 6 months.,-,This measure currently does not have data or provider has been certified/recertified for less than 6 months.,-
VA,497790,NAYAR HEALTH CARE FREDERICKSBURG LLC,5000 SOUTHPOINT PARKWAY,FREDERICKSBURG,22407,-,-,-,-,-,-,-,-,05/04/2022,3.5,-,213,213,100.0,-,145,145,100.0,-,83,107,88.2,-,73,107,96.3,-,94,107,92.7,-,73,105,75.7,-,80,106,88.6,-,0,112,0.0,-,211,213,99.1,-,1,213,0.5,-,73,106,68.87,-,-,-,-,The number of patient episodes for this measure is too small to report.,103,104,99.04,-,77,142,54.23,63.35,57.37,73.11,Worse Than National Rate,-,1,44,2.27,3.77,2.43,5.37,Same As National Rate,-,24,114,21.05,15.15,10.85,20.71,Worse Than National Rate,-,1.11,-,279
VA,497791,COURTESY HEALTHCARE SERVICES,"6225 BRANDON AVE, STE 355",SPRINGFIELD,22150,5714282398,-,-,-,-,-,-,-,03/22/2022,-,The number of patient episodes for this measure is too small to report.,-,-,-,This measure currently does not have data or provider has been certified/recertified for less than 6 months.,-,-,-,This measure currently does not have data or provider has been certified/recertified for less than 6 months.,-,-,-,This measure currently does not have data or provider has been certified/recertified for less than 6 months.,-,-,-,This measure currently does not have data or provider has been certified/recertified for less than 6 months.,-,-,-,This measure currently does not have data or provider has been certified/recertified for less than 6 months.,-,-,-,This measure currently does not have data or provider has been certified/recertified for less than 6 months.,-,-,-,This measure currently does not have data or provider has been certified/recertified for less than 6 months.,-,-,-,This measure currently does not have data or provider has been certified/recertified for less than 6 months.,-,-,-,This measure currently does not have data or provider has been certified/recertified for less than 6 months.,-,-,-,This measure currently does not have data or provider has been certified/recertified for less than 6 months.,-,-,-,This measure currently does not have data or provider has been certified/recertified for less than 6 months.,-,-,-,This measure currently does not have data or provider has been certified/recertified for less than 6 months.,-,-,-,This measure currently does not have data or provider has been certified/recertified for less than 6 months.,-,-,-,-,-,-,-,This measure currently does not have data or provider has been certified/recertified for less than 6 months.,-,-,-,-,-,-,-,This measure currently does not have data or provider has been certified/recertified for less than 6 months.,-,-,-,-,-,-,-,This measure currently does not have data or provider has been certified/recertified for less than 6 months.,-,This measure currently does not have data or provider has been certified/recertified for less than 6 months.,-
VA,497792,VCU HEALTH AT HOME HEALTH BY BAYADA,"6802 PARAGON PLACE, SUITE 201",RICHMOND,23230,2153939000,NON-PROFIT,Yes,Yes,Yes,Yes,Yes,Yes,04/13/2022,4,-,"1,371","1,605",85.4,-,527,"1,020",51.7,-,"1,096","1,157",89.8,-,"1,109","1,155",90.5,-,"1,123","1,155",93.7,-,"1,004","1,020",94.7,-,"1,112","1,147",90.0,-,0,"1,204",0.0,-,"1,476","1,605",92.0,-,7,"1,582",0.4,-,742,"1,161",63.91,-,99,110,90.00,-,978,"1,094",89.40,-,334,468,71.37,79.86,74.85,83.21,Same As National Rate,-,9,224,4.02,3.88,2.68,5.39,Same As National Rate,-,35,359,9.75,8.82,7.10,12.11,Same As National Rate,-,1.02,-,548
VA,497793,KIDSCARE HOME HEALTH OF VIRGINIA,1768 BUSINESS CENTER DR. STE 330,RESTON,20190,-,-,-,-,-,-,-,-,09/09/2022,-,The number of patient episodes for this measure is too small to report.,-,-,-,This measure currently does not have data or provider has been certified/recertified for less than 6 months.,-,-,-,This measure currently does not have data or provider has been certified/recertified for less than 6 months.,-,-,-,This measure currently does not have data or provider has been certified/recertified for less than 6 months.,-,-,-,This measure currently does not have data or provider has been certified/recertified for less than 6 months.,-,-,-,This measure currently does not have data or provider has been certified/recertified for less than 6 months.,-,-,-,This measure currently does not have data or provider has been certified/recertified for less than 6 months.,-,-,-,This measure currently does not have data or provider has been certified/recertified for less than 6 months.,-,-,-,This measure currently does not have data or provider has been certified/recertified for less than 6 months.,-,-,-,This measure currently does not have data or provider has been certified/recertified for less than 6 months.,-,-,-,This measure currently does not have data or provider has been certified/recertified for less than 6 months.,-,-,-,This measure currently does not have data or provider has been certified/recertified for less than 6 months.,-,-,-,This measure currently does not have data or provider has been certified/recertified for less than 6 months.,-,-,-,This measure currently does not have data or provider has been certified/recertified for less than 6 months.,-,-,-,-,-,-,-,This measure currently does not have data or provider has been certified/recertified for less than 6 months.,-,-,-,-,-,-,-,This measure currently does not have data or provider has been certified/recertified for less than 6 months.,-,-,-,-,-,-,-,This measure currently does not have data or provider has been certified/recertified for less than 6 months.,-,This measure currently does not have data or provider has been certified/recertified for less than 6 months.,-
VA,497794,AFFIRMATION HOME HEALTH LLC,10124 WEST BROAD STREET,GLEN ALLEN,23060,8045884944,-,-,-,-,-,-,-,11/23/2021,3.5,-,530,534,99.3,-,239,326,73.3,-,352,409,83.1,-,357,403,88.8,-,335,410,79.7,-,378,417,87.2,-,313,403,77.0,-,1,426,0.5,-,485,534,90.8,-,7,534,1.3,-,288,414,69.57,-,133,156,85.26,-,226,270,83.70,-,374,427,87.59,87.60,84.42,90.10,Better Than National Rate,-,2,108,1.85,3.60,2.63,5.16,Same As National Rate,-,14,308,4.55,6.45,4.41,9.13,Better Than National Rate,-,0.92,-,477
VA,497795,JAMES RIVER HOME HEALTH CARE LLC,4318 CARR DR,FREDERICKSBURG,22408,8042723300,-,-,-,-,-,-,-,12/29/2022,3,-,189,207,91.3,-,84,129,65.1,-,108,124,85.2,-,104,124,82.7,-,109,124,87.0,-,84,98,86.4,-,105,124,83.7,-,0,145,0.0,-,204,207,98.6,-,4,206,1.9,-,85,124,68.55,-,-,-,-,The number of patient episodes for this measure is too small to report.,132,132,100.00,-,-,-,-,-,-,-,-,This measure currently does not have data or provider has been certified/recertified for less than 6 months.,-,-,-,-,-,-,-,This measure currently does not have data or provider has been certified/recertified for less than 6 months.,-,-,-,-,-,-,-,This measure currently does not have data or provider has been certified/recertified for less than 6 months.,-,This measure currently does not have data or provider has been certified/recertified for less than 6 months.,-
VA,497796,JAMES RIVER HOME HEALTH CARE LLC,3831 OLD FOREST RD SUITE 3,LYNCHBURG,24501,-,-,-,-,-,-,-,-,11/04/2022,3,-,141,146,96.6,-,59,92,64.1,-,85,100,84.8,-,84,100,85.4,-,80,100,81.0,-,58,69,86.4,-,73,95,78.4,-,0,108,0.0,-,142,146,97.3,-,4,146,2.7,-,63,100,63.00,-,-,-,-,The number of patient episodes for this measure is too small to report.,96,97,98.97,-,36,53,67.92,77.01,64.77,86.67,Same As National Rate,-,-,17,-,-,-,-,Not Available,The number of patient episodes for this measure is too small to report.,6,53,11.32,9.40,5.19,14.62,Same As National Rate,-,0.92,-,59
VA,497797,ALL HEART HOME HEALTH LLC,"11350 RANDOM HILLS ROAD, SUITE 869",FAIRFAX,22030,-,-,-,-,-,-,-,-,04/19/2023,3,-,116,121,95.9,-,79,85,92.9,-,79,89,86.7,-,75,89,82.8,-,77,89,85.3,-,73,77,93.0,-,73,87,80.2,-,0,91,0.0,-,120,121,99.2,-,1,121,0.8,-,50,89,56.18,-,-,-,-,The number of patient episodes for this measure is too small to report.,69,78,88.46,-,21,24,87.50,85.28,72.54,94.42,Same As National Rate,-,-,15,-,-,-,-,Not Available,The number of patient episodes for this measure is too small to report.,1,25,4.00,8.20,3.93,15.28,Same As National Rate,-,-,The number of patient episodes for this measure is too small to report.,18
VA,497798,HOME CARE ASSOCIATES LLC,6834 COLEMANS CROSSING AVENUE,HAYES,23072,8042101333,-,-,-,-,-,-,-,02/03/2023,-,The number of patient episodes for this measure is too small to report.,-,-,-,The number of patient episodes for this measure is too small to report.,-,-,-,This measure currently does not have data or provider has been certified/recertified for less than 6 months.,-,-,-,The number of patient episodes for this measure is too small to report.,-,-,-,The number of patient episodes for this measure is too small to report.,-,-,-,The number of patient episodes for this measure is too small to report.,-,-,-,The number of patient episodes for this measure is too small to report.,-,-,-,The number of patient episodes for this measure is too small to report.,-,-,-,The number of patient episodes for this measure is too small to report.,-,-,-,The number of patient episodes for this measure is too small to report.,-,-,-,The number of patient episodes for this measure is too small to report.,-,-,-,The number of patient episodes for this measure is too small to report.,-,-,-,The number of patient episodes for this measure is too small to report.,-,-,-,This measure currently does not have data or provider has been certified/recertified for less than 6 months.,-,2,-,-,-,-,Not Available,The number of patient episodes for this measure is too small to report.,-,-,-,-,-,-,-,This measure currently does not have data or provider has been certified/recertified for less than 6 months.,-,1,-,-,-,-,Not Available,The number of patient episodes for this measure is too small to report.,-,The number of patient episodes for this measure is too small to report.,2
VA,497799,JENFORTE HOME HEALTH CARE LLC,13000 HARBOR CENTER DR. SUITE 364,WOODBRIDGE,22192,5712635870,-,-,-,-,-,-,-,05/12/2023,2,-,72,81,88.9,-,51,67,76.1,-,45,64,70.6,-,48,63,76.9,-,44,64,71.1,-,42,50,87.1,-,50,62,80.3,-,0,64,0.0,-,79,81,97.5,-,1,81,1.2,-,39,64,60.94,-,-,-,-,The number of patient episodes for this measure is too small to report.,53,56,94.64,-,-,16,-,-,-,-,Not Available,The number of patient episodes for this measure is too small to report.,-,8,-,-,-,-,Not Available,The number of patient episodes for this measure is too small to report.,-,12,-,-,-,-,Not Available,The number of patient episodes for this measure is too small to report.,-,The number of patient episodes for this measure is too small to report.,7
VA,497800,ABEL HOME HEALTH CARE LLC,17016 GATLIN CT,WOODBRIDGE,22191,5712852416,-,-,-,-,-,-,-,03/02/2023,-,The number of patient episodes for this measure is too small to report.,-,-,-,This measure currently does not have data or provider has been certified/recertified for less than 6 months.,-,-,-,This measure currently does not have data or provider has been certified/recertified for less than 6 months.,-,-,-,This measure currently does not have data or provider has been certified/recertified for less than 6 months.,-,-,-,This measure currently does not have data or provider has been certified/recertified for less than 6 months.,-,-,-,This measure currently does not have data or provider has been certified/recertified for less than 6 months.,-,-,-,This measure currently does not have data or provider has been certified/recertified for less than 6 months.,-,-,-,This measure currently does not have data or provider has been certified/recertified for less than 6 months.,-,-,-,This measure currently does not have data or provider has been certified/recertified for less than 6 months.,-,-,-,This measure currently does not have data or provider has been certified/recertified for less than 6 months.,-,-,-,This measure currently does not have data or provider has been certified/recertified for less than 6 months.,-,-,-,This measure currently does not have data or provider has been certified/recertified for less than 6 months.,-,-,-,This measure currently does not have data or provider has been certified/recertified for less than 6 months.,-,-,-,This measure currently does not have data or provider has been certified/recertified for less than 6 months.,-,-,-,-,-,-,-,This measure currently does not have data or provider has been certified/recertified for less than 6 months.,-,-,-,-,-,-,-,This measure currently does not have data or provider has been certified/recertified for less than 6 months.,-,-,-,-,-,-,-,This measure currently does not have data or provider has been certified/recertified for less than 6 months.,-,This measure currently does not have data or provider has been certified/recertified for less than 6 months.,-
VA,497802,BAYADA HOME HEALTH CARE INC,"22375 BRODERICK DRIVE, SUITE 140",STERLING,20166,5714303810,-,-,-,-,-,-,-,06/08/2023,4,-,950,954,99.6,-,603,637,94.7,-,388,476,89.7,-,409,476,91.5,-,413,476,94.5,-,656,703,91.8,-,309,474,91.6,-,6,775,0.4,-,942,954,98.7,-,26,954,2.7,-,220,476,46.22,-,43,47,91.49,-,725,728,99.59,-,177,231,76.62,82.14,77.89,87.71,Better Than National Rate,-,0,47,0.00,3.55,2.41,5.34,Same As National Rate,-,22,266,8.27,8.60,6.10,12.95,Same As National Rate,-,1.04,-,246
VA,497803,VINSON HALL AT HOME LLC,6251 OLD DOMINION DR,MCLEAN,22101,7039703710,-,-,-,-,-,-,-,06/07/2023,3,-,27,34,79.4,-,20,25,80.0,-,21,28,79.0,-,27,28,94.5,-,17,28,66.8,-,24,27,91.5,-,24,26,100.0,-,0,30,0.0,-,26,34,76.5,-,0,34,0.0,-,16,28,57.14,-,-,-,-,The number of patient episodes for this measure is too small to report.,-,-,-,The number of patient episodes for this measure is too small to report.,-,1,-,-,-,-,Not Available,The number of patient episodes for this measure is too small to report.,-,-,-,-,-,-,-,This measure currently does not have data or provider has been certified/recertified for less than 6 months.,-,1,-,-,-,-,Not Available,The number of patient episodes for this measure is too small to report.,-,This measure currently does not have data or provider has been certified/recertified for less than 6 months.,-
VA,497804,JOBEKA HEALTH CARE SERVICES LLC,"1108 E MAIN ST, STE 1000",RICHMOND,23219,7322778100,-,-,-,-,-,-,-,11/08/2023,-,The number of patient episodes for this measure is too small to report.,-,-,-,The number of patient episodes for this measure is too small to report.,-,-,-,The number of patient episodes for this measure is too small to report.,-,-,-,The number of patient episodes for this measure is too small to report.,-,-,-,The number of patient episodes for this measure is too small to report.,-,-,-,The number of patient episodes for this measure is too small to report.,-,-,-,The number of patient episodes for this measure is too small to report.,-,-,-,The number of patient episodes for this measure is too small to report.,-,-,-,The number of patient episodes for this measure is too small to report.,-,-,-,The number of patient episodes for this measure is too small to report.,-,-,-,The number of patient episodes for this measure is too small to report.,-,-,-,The number of patient episodes for this measure is too small to report.,-,-,-,This measure currently does not have data or provider has been certified/recertified for less than 6 months.,-,-,-,The number of patient episodes for this measure is too small to report.,-,-,-,-,-,-,-,This measure currently does not have data or provider has been certified/recertified for less than 6 months.,-,-,-,-,-,-,-,This measure currently does not have data or provider has been certified/recertified for less than 6 months.,-,-,-,-,-,-,-,This measure currently does not have data or provider has been certified/recertified for less than 6 months.,-,This measure currently does not have data or provider has been certified/recertified for less than 6 months.,-
VA,497805,VIRGINIA HOME HEALTH CARE,145 HARRELL RD. STE 117,FREDERICKSBURG,22405,7186122210,-,-,-,-,-,-,-,11/07/2023,-,The number of patient episodes for this measure is too small to report.,-,-,-,This measure currently does not have data or provider has been certified/recertified for less than 6 months.,-,-,-,This measure currently does not have data or provider has been certified/recertified for less than 6 months.,-,-,-,This measure currently does not have data or provider has been certified/recertified for less than 6 months.,-,-,-,This measure currently does not have data or provider has been certified/recertified for less than 6 months.,-,-,-,This measure currently does not have data or provider has been certified/recertified for less than 6 months.,-,-,-,This measure currently does not have data or provider has been certified/recertified for less than 6 months.,-,-,-,This measure currently does not have data or provider has been certified/recertified for less than 6 months.,-,-,-,This measure currently does not have data or provider has been certified/recertified for less than 6 months.,-,-,-,This measure currently does not have data or provider has been certified/recertified for less than 6 months.,-,-,-,This measure currently does not have data or provider has been certified/recertified for less than 6 months.,-,-,-,This measure currently does not have data or provider has been certified/recertified for less than 6 months.,-,-,-,This measure currently does not have data or provider has been certified/recertified for less than 6 months.,-,-,-,This measure currently does not have data or provider has been certified/recertified for less than 6 months.,-,-,-,-,-,-,-,This measure currently does not have data or provider has been certified/recertified for less than 6 months.,-,-,-,-,-,-,-,This measure currently does not have data or provider has been certified/recertified for less than 6 months.,-,-,-,-,-,-,-,This measure currently does not have data or provider has been certified/recertified for less than 6 months.,-,This measure currently does not have data or provider has been certified/recertified for less than 6 months.,-
VA,497806,EPIC HOME HEALTH SERVICES LLC,"1875 CAMPUS COMMONS DR, STE 210","RESTON,",20191,5712495819,-,-,-,-,-,-,-,11/13/2023,-,The number of patient episodes for this measure is too small to report.,-,-,-,The number of patient episodes for this measure is too small to report.,-,-,-,This measure currently does not have data or provider has been certified/recertified for less than 6 months.,-,-,-,The number of patient episodes for this measure is too small to report.,-,-,-,The number of patient episodes for this measure is too small to report.,-,-,-,The number of patient episodes for this measure is too small to report.,-,-,-,This measure currently does not have data or provider has been certified/recertified for less than 6 months.,-,-,-,The number of patient episodes for this measure is too small to report.,-,-,-,The number of patient episodes for this measure is too small to report.,-,-,-,The number of patient episodes for this measure is too small to report.,-,-,-,The number of patient episodes for this measure is too small to report.,-,-,-,The number of patient episodes for this measure is too small to report.,-,-,-,This measure currently does not have data or provider has been certified/recertified for less than 6 months.,-,-,-,The number of patient episodes for this measure is too small to report.,-,-,-,-,-,-,-,This measure currently does not have data or provider has been certified/recertified for less than 6 months.,-,-,-,-,-,-,-,This measure currently does not have data or provider has been certified/recertified for less than 6 months.,-,-,-,-,-,-,-,This measure currently does not have data or provider has been certified/recertified for less than 6 months.,-,This measure currently does not have data or provider has been certified/recertified for less than 6 months.,-
VA,497807,VIRGINIA HOME CARE SERVICES INC,2575 CHAIN BRIDGE ROAD,VIENNA,22181,7038225252,-,-,-,-,-,-,-,05/03/2024,-,The number of patient episodes for this measure is too small to report.,-,-,-,This measure currently does not have data or provider has been certified/recertified for less than 6 months.,-,-,-,This measure currently does not have data or provider has been certified/recertified for less than 6 months.,-,-,-,This measure currently does not have data or provider has been certified/recertified for less than 6 months.,-,-,-,This measure currently does not have data or provider has been certified/recertified for less than 6 months.,-,-,-,This measure currently does not have data or provider has been certified/recertified for less than 6 months.,-,-,-,This measure currently does not have data or provider has been certified/recertified for less than 6 months.,-,-,-,This measure currently does not have data or provider has been certified/recertified for less than 6 months.,-,-,-,This measure currently does not have data or provider has been certified/recertified for less than 6 months.,-,-,-,This measure currently does not have data or provider has been certified/recertified for less than 6 months.,-,-,-,This measure currently does not have data or provider has been certified/recertified for less than 6 months.,-,-,-,This measure currently does not have data or provider has been certified/recertified for less than 6 months.,-,-,-,This measure currently does not have data or provider has been certified/recertified for less than 6 months.,-,-,-,This measure currently does not have data or provider has been certified/recertified for less than 6 months.,-,-,-,-,-,-,-,This measure currently does not have data or provider has been certified/recertified for less than 6 months.,-,-,-,-,-,-,-,This measure currently does not have data or provider has been certified/recertified for less than 6 months.,-,-,-,-,-,-,-,This measure currently does not have data or provider has been certified/recertified for less than 6 months.,-,This measure currently does not have data or provider has been certified/recertified for less than 6 months.,-
VA,497808,OLD GLORY HOME HEALTH CARE & ASSISTIVE CARE,"2108 W LABURNUM AVE, STE 230",RICHMOND,23227,8042690637,-,-,-,-,-,-,-,03/30/2024,-,The number of patient episodes for this measure is too small to report.,-,-,-,This measure currently does not have data or provider has been certified/recertified for less than 6 months.,-,-,-,This measure currently does not have data or provider has been certified/recertified for less than 6 months.,-,-,-,This measure currently does not have data or provider has been certified/recertified for less than 6 months.,-,-,-,This measure currently does not have data or provider has been certified/recertified for less than 6 months.,-,-,-,This measure currently does not have data or provider has been certified/recertified for less than 6 months.,-,-,-,This measure currently does not have data or provider has been certified/recertified for less than 6 months.,-,-,-,This measure currently does not have data or provider has been certified/recertified for less than 6 months.,-,-,-,This measure currently does not have data or provider has been certified/recertified for less than 6 months.,-,-,-,This measure currently does not have data or provider has been certified/recertified for less than 6 months.,-,-,-,This measure currently does not have data or provider has been certified/recertified for less than 6 months.,-,-,-,This measure currently does not have data or provider has been certified/recertified for less than 6 months.,-,-,-,This measure currently does not have data or provider has been certified/recertified for less than 6 months.,-,-,-,This measure currently does not have data or provider has been certified/recertified for less than 6 months.,-,-,-,-,-,-,-,This measure currently does not have data or provider has been certified/recertified for less than 6 months.,-,-,-,-,-,-,-,This measure currently does not have data or provider has been certified/recertified for less than 6 months.,-,-,-,-,-,-,-,This measure currently does not have data or provider has been certified/recertified for less than 6 months.,-,This measure currently does not have data or provider has been certified/recertified for less than 6 months.,-
VA,497809,CENTERWELL HOME HEALTH,"230 PIEDMONT AVENUE, SUITE 101",BRISTOL,24201,2762856020,-,-,-,-,-,-,-,04/02/2024,-,The number of patient episodes for this measure is too small to report.,-,-,-,This measure currently does not have data or provider has been certified/recertified for less than 6 months.,-,-,-,This measure currently does not have data or provider has been certified/recertified for less than 6 months.,-,-,-,This measure currently does not have data or provider has been certified/recertified for less than 6 months.,-,-,-,This measure currently does not have data or provider has been certified/recertified for less than 6 months.,-,-,-,This measure currently does not have data or provider has been certified/recertified for less than 6 months.,-,-,-,This measure currently does not have data or provider has been certified/recertified for less than 6 months.,-,-,-,This measure currently does not have data or provider has been certified/recertified for less than 6 months.,-,-,-,This measure currently does not have data or provider has been certified/recertified for less than 6 months.,-,-,-,This measure currently does not have data or provider has been certified/recertified for less than 6 months.,-,-,-,This measure currently does not have data or provider has been certified/recertified for less than 6 months.,-,-,-,This measure currently does not have data or provider has been certified/recertified for less than 6 months.,-,-,-,This measure currently does not have data or provider has been certified/recertified for less than 6 months.,-,-,-,This measure currently does not have data or provider has been certified/recertified for less than 6 months.,-,-,-,-,-,-,-,This measure currently does not have data or provider has been certified/recertified for less than 6 months.,-,-,-,-,-,-,-,This measure currently does not have data or provider has been certified/recertified for less than 6 months.,-,-,-,-,-,-,-,This measure currently does not have data or provider has been certified/recertified for less than 6 months.,-,This measure currently does not have data or provider has been certified/recertified for less than 6 months.,-
VA,497810,NINA'S HEALTH CARE FAIRFAX INC,3022 JANVIER RD STE 105E,FAIRFAX,22031,7038520942,-,-,-,-,-,-,-,03/26/2024,-,The number of patient episodes for this measure is too small to report.,-,-,-,This measure currently does not have data or provider has been certified/recertified for less than 6 months.,-,-,-,This measure currently does not have data or provider has been certified/recertified for less than 6 months.,-,-,-,This measure currently does not have data or provider has been certified/recertified for less than 6 months.,-,-,-,This measure currently does not have data or provider has been certified/recertified for less than 6 months.,-,-,-,This measure currently does not have data or provider has been certified/recertified for less than 6 months.,-,-,-,This measure currently does not have data or provider has been certified/recertified for less than 6 months.,-,-,-,This measure currently does not have data or provider has been certified/recertified for less than 6 months.,-,-,-,This measure currently does not have data or provider has been certified/recertified for less than 6 months.,-,-,-,This measure currently does not have data or provider has been certified/recertified for less than 6 months.,-,-,-,This measure currently does not have data or provider has been certified/recertified for less than 6 months.,-,-,-,This measure currently does not have data or provider has been certified/recertified for less than 6 months.,-,-,-,This measure currently does not have data or provider has been certified/recertified for less than 6 months.,-,-,-,This measure currently does not have data or provider has been certified/recertified for less than 6 months.,-,-,-,-,-,-,-,This measure currently does not have data or provider has been certified/recertified for less than 6 months.,-,-,-,-,-,-,-,This measure currently does not have data or provider has been certified/recertified for less than 6 months.,-,-,-,-,-,-,-,This measure currently does not have data or provider has been certified/recertified for less than 6 months.,-,This measure currently does not have data or provider has been certified/recertified for less than 6 months.,-
VA,497811,MAK SUPERIOR HOME HEALTH LLC,"13601 OFFICE PLACE, STE 102A",WOODBRIDGE,22192,8048079104,-,-,-,-,-,-,-,06/23/2024,-,The number of patient episodes for this measure is too small to report.,-,-,-,This measure currently does not have data or provider has been certified/recertified for less than 6 months.,-,-,-,This measure currently does not have data or provider has been certified/recertified for less than 6 months.,-,-,-,This measure currently does not have data or provider has been certified/recertified for less than 6 months.,-,-,-,This measure currently does not have data or provider has been certified/recertified for less than 6 months.,-,-,-,This measure currently does not have data or provider has been certified/recertified for less than 6 months.,-,-,-,This measure currently does not have data or provider has been certified/recertified for less than 6 months.,-,-,-,This measure currently does not have data or provider has been certified/recertified for less than 6 months.,-,-,-,This measure currently does not have data or provider has been certified/recertified for less than 6 months.,-,-,-,This measure currently does not have data or provider has been certified/recertified for less than 6 months.,-,-,-,This measure currently does not have data or provider has been certified/recertified for less than 6 months.,-,-,-,This measure currently does not have data or provider has been certified/recertified for less than 6 months.,-,-,-,This measure currently does not have data or provider has been certified/recertified for less than 6 months.,-,-,-,This measure currently does not have data or provider has been certified/recertified for less than 6 months.,-,-,-,-,-,-,-,This measure currently does not have data or provider has been certified/recertified for less than 6 months.,-,-,-,-,-,-,-,This measure currently does not have data or provider has been certified/recertified for less than 6 months.,-,-,-,-,-,-,-,This measure currently does not have data or provider has been certified/recertified for less than 6 months.,-,This measure currently does not have data or provider has been certified/recertified for less than 6 months.,-
VA,497812,OPTIMUMCARE HOME CARE SERVICES,3683 FETTLER PARK DR,DUMFRIES,22025,7034908003,-,-,-,-,-,-,-,05/03/2024,-,The number of patient episodes for this measure is too small to report.,-,-,-,This measure currently does not have data or provider has been certified/recertified for less than 6 months.,-,-,-,This measure currently does not have data or provider has been certified/recertified for less than 6 months.,-,-,-,This measure currently does not have data or provider has been certified/recertified for less than 6 months.,-,-,-,This measure currently does not have data or provider has been certified/recertified for less than 6 months.,-,-,-,This measure currently does not have data or provider has been certified/recertified for less than 6 months.,-,-,-,This measure currently does not have data or provider has been certified/recertified for less than 6 months.,-,-,-,This measure currently does not have data or provider has been certified/recertified for less than 6 months.,-,-,-,This measure currently does not have data or provider has been certified/recertified for less than 6 months.,-,-,-,This measure currently does not have data or provider has been certified/recertified for less than 6 months.,-,-,-,This measure currently does not have data or provider has been certified/recertified for less than 6 months.,-,-,-,This measure currently does not have data or provider has been certified/recertified for less than 6 months.,-,-,-,This measure currently does not have data or provider has been certified/recertified for less than 6 months.,-,-,-,This measure currently does not have data or provider has been certified/recertified for less than 6 months.,-,-,-,-,-,-,-,This measure currently does not have data or provider has been certified/recertified for less than 6 months.,-,-,-,-,-,-,-,This measure currently does not have data or provider has been certified/recertified for less than 6 months.,-,-,-,-,-,-,-,This measure currently does not have data or provider has been certified/recertified for less than 6 months.,-,This measure currently does not have data or provider has been certified/recertified for less than 6 months.,-
VA,497813,BETHEL HEALTHCARE SERVICES INC,"2046 RICHMOND HWY, STE A",STAFFORD,22554,7032601229,-,-,-,-,-,-,-,04/21/2024,-,The number of patient episodes for this measure is too small to report.,-,-,-,This measure currently does not have data or provider has been certified/recertified for less than 6 months.,-,-,-,This measure currently does not have data or provider has been certified/recertified for less than 6 months.,-,-,-,This measure currently does not have data or provider has been certified/recertified for less than 6 months.,-,-,-,This measure currently does not have data or provider has been certified/recertified for less than 6 months.,-,-,-,This measure currently does not have data or provider has been certified/recertified for less than 6 months.,-,-,-,This measure currently does not have data or provider has been certified/recertified for less than 6 months.,-,-,-,This measure currently does not have data or provider has been certified/recertified for less than 6 months.,-,-,-,This measure currently does not have data or provider has been certified/recertified for less than 6 months.,-,-,-,This measure currently does not have data or provider has been certified/recertified for less than 6 months.,-,-,-,This measure currently does not have data or provider has been certified/recertified for less than 6 months.,-,-,-,This measure currently does not have data or provider has been certified/recertified for less than 6 months.,-,-,-,This measure currently does not have data or provider has been certified/recertified for less than 6 months.,-,-,-,This measure currently does not have data or provider has been certified/recertified for less than 6 months.,-,-,-,-,-,-,-,This measure currently does not have data or provider has been certified/recertified for less than 6 months.,-,-,-,-,-,-,-,This measure currently does not have data or provider has been certified/recertified for less than 6 months.,-,-,-,-,-,-,-,This measure currently does not have data or provider has been certified/recertified for less than 6 months.,-,This measure currently does not have data or provider has been certified/recertified for less than 6 months.,-
